level,-nu-0.01_pressure_bar,-nu-0.01_NH3_vapor_mean,-nu-0.01_NH3_vapor_std,-nu-0.01_NH3_s__mean,-nu-0.01_NH3_s__std,-nu-0.01_NH3_s_p__mean,-nu-0.01_NH3_s_p__std,-nu-0.1_pressure_bar,-nu-0.1_NH3_vapor_mean,-nu-0.1_NH3_vapor_std,-nu-0.1_NH3_s__mean,-nu-0.1_NH3_s__std,-nu-0.1_NH3_s_p__mean,-nu-0.1_NH3_s_p__std,-nu-1.0_pressure_bar,-nu-1.0_NH3_vapor_mean,-nu-1.0_NH3_vapor_std,-nu-1.0_NH3_s__mean,-nu-1.0_NH3_s__std,-nu-1.0_NH3_s_p__mean,-nu-1.0_NH3_s_p__std,-nu-10.0_pressure_bar,-nu-10.0_NH3_vapor_mean,-nu-10.0_NH3_vapor_std,-nu-10.0_NH3_s__mean,-nu-10.0_NH3_s__std,-nu-10.0_NH3_s_p__mean,-nu-10.0_NH3_s_p__std,-nu-100.0_pressure_bar,-nu-100.0_NH3_vapor_mean,-nu-100.0_NH3_vapor_std,-nu-100.0_NH3_s__mean,-nu-100.0_NH3_s__std,-nu-100.0_NH3_s_p__mean,-nu-100.0_NH3_s_p__std
0,98.56622974999999,0.002517464288859628,8.39919803950773e-08,0.0,0.0,0.0,0.0,98.570639275,0.0025174465441377834,3.7285252505817855e-08,0.0,0.0,0.0,0.0,98.574168535,0.0025174328229622916,3.504947899799873e-10,0.0,0.0,0.0,0.0,98.69402394,0.0025174329057335854,0.0,0.0,0.0,0.0,0.0,100.11685442,0.0025174329057335854,0.0,0.0,0.0,0.0,0.0
1,95.76263002,0.0025336014677304775,4.535042742213847e-06,0.0,0.0,0.0,0.0,95.76696051,0.0025380156356841327,5.75375949680874e-06,0.0,0.0,0.0,0.0,95.770428685,0.002517878190265037,5.75509792611394e-08,0.0,0.0,0.0,0.0,95.88639597999999,0.0025174333723261954,1.4696022344808557e-11,0.0,0.0,0.0,0.0,97.27285649,0.0025174374112393707,1.1590172866263373e-10,0.0,0.0,0.0,0.0
2,93.01840542,0.002535507962689735,3.027348341794785e-06,0.0,0.0,0.0,0.0,93.02261483999999,0.0025413188352249563,4.784487855859961e-06,0.0,0.0,0.0,0.0,93.02643053999999,0.0025182993413181975,7.243913100595205e-08,0.0,0.0,0.0,0.0,93.1393559,0.002517433372675441,1.7219632448099158e-11,0.0,0.0,0.0,0.0,94.4984535,0.0025174373293993997,5.204949738948645e-12,0.0,0.0,0.0,0.0
3,90.330770015,0.002535965228220448,2.427215126298205e-06,0.0,0.0,0.0,0.0,90.33477008999999,0.0025421531774336473,5.043353784306534e-06,0.0,0.0,0.0,0.0,90.339160615,0.002518476440454833,5.228904496239163e-08,0.0,0.0,0.0,0.0,90.45163677999999,0.0025174333713948727,0.0,0.0,0.0,0.0,0.0,91.7919385,0.0025174371864413844,1.133217502489147e-10,0.0,0.0,0.0,0.0
4,87.69900449999999,0.0025360845837276427,2.2609000534926796e-06,0.0,0.0,0.0,0.0,87.702796105,0.002542311141383834,5.032367294257553e-06,0.0,0.0,0.0,0.0,87.707605645,0.0025184631556039675,3.3074940051170535e-08,0.0,0.0,0.0,0.0,87.82204174,0.0025174333713948727,0.0,0.0,0.0,0.0,0.0,89.151655,0.002517437096685171,0.0,0.0,0.0,0.0,0.0
5,85.12238789999999,0.0025360768986865878,2.2399993170270052e-06,0.0,0.0,0.0,0.0,85.12599287,0.002542235076194629,4.9736285769258235e-06,0.0,0.0,0.0,0.0,85.13116661000001,0.002518385999952443,2.2382252010677425e-08,0.0,0.0,0.0,0.0,85.24944662,0.0025174333713948727,0.0,0.0,0.0,0.0,0.0,86.5760015,0.0025174370270688085,1.0659448652505187e-10,0.0,0.0,0.0,0.0
6,82.6002618475,0.0025360976181691515,2.1663270256169077e-06,0.0,0.0,0.0,0.0,82.60370110999999,0.002542094723903574,4.8915649169988925e-06,0.0,0.0,0.0,0.0,82.6092252175,0.0025183236135635527,1.4705411444663748e-08,0.0,0.0,0.0,0.0,82.732783865,0.0025174333713948727,0.0,0.0,0.0,0.0,0.0,84.0634325,0.0025174368645530195,1.2733516203123442e-11,0.0,0.0,0.0,0.0
7,80.13192947,0.002536077534314245,2.0956811051519802e-06,0.0,0.0,0.0,0.0,80.1352206125,0.002541912964778021,4.726500303423827e-06,0.0,0.0,0.0,0.0,80.14110947,0.0025182912863092495,7.941174146006393e-09,0.0,0.0,0.0,0.0,80.2710448325,0.0025174333713948727,0.0,0.0,0.0,0.0,0.0,81.61244474499999,0.0025174368602456526,2.8761653378748668e-11,0.0,0.0,0.0,0.0
8,77.71670575,0.002536016672383994,1.9940391778538905e-06,0.0,0.0,0.0,0.0,77.71986745,0.0025417875868733973,4.57106430753084e-06,0.0,0.0,0.0,0.0,77.72612854249999,0.0025182755682617427,4.996188303728837e-09,0.0,0.0,0.0,0.0,77.8632705725,0.0025174333713948727,0.0,0.0,0.0,0.0,0.0,79.22158825,0.0025174366772407666,9.286929691441505e-11,0.0,0.0,0.0,0.0
9,75.3539027725,0.00253596708108671,1.9096845508211855e-06,0.0,0.0,0.0,0.0,75.3569516325,0.002541740131797269,4.485270949970906e-06,0.0,0.0,0.0,0.0,75.3635880625,0.0025182645621243866,4.331238461500164e-09,0.0,0.0,0.0,0.0,75.5085480675,0.0025174333713948727,0.0,0.0,0.0,0.0,0.0,76.88945822,0.002517436631023884,0.0,0.0,0.0,0.0,0.0
10,73.04283803999999,0.002535979472566396,1.882846841471498e-06,0.0,0.0,0.0,0.0,73.04578732750001,0.002541725657065399,4.401872113411529e-06,0.0,0.0,0.0,0.0,73.05279795749999,0.0025182555589126424,3.3096809065733156e-09,0.0,0.0,0.0,0.0,73.20600734,0.0025174333713948727,0.0,0.0,0.0,0.0,0.0,74.61469,0.0025174365773564206,9.805729658806909e-11,0.0,0.0,0.0,0.0
11,70.7828304775,0.0025360577454557644,1.947377666222057e-06,0.0,0.0,0.0,0.0,70.7856905825,0.002541703133843839,4.319389514442489e-06,0.0,0.0,0.0,0.0,70.7930722525,0.0025182509463047608,1.588908264170612e-09,0.0,0.0,0.0,0.0,70.9548101375,0.0025174333713948727,0.0,0.0,0.0,0.0,0.0,72.3959655,0.002517436400055885,2.0741538564972666e-11,0.0,0.0,0.0,0.0
12,68.57320177,0.002536176682333462,2.0246609097959575e-06,0.0,0.0,0.0,0.0,68.57598011,0.002541683357441798,4.323755049538541e-06,0.0,0.0,0.0,0.0,68.5837283925,0.0025182534817140547,3.9451130344426745e-09,0.0,0.0,0.0,0.0,68.75415387,0.0025174333713948727,0.0,0.0,0.0,0.0,0.0,70.23200575,0.00251743639819324,0.0,0.0,0.0,0.0,0.0
13,66.4132753825,0.0025363169352058323,2.0872570972168265e-06,0.0,0.0,0.0,0.0,66.41597681,0.0025416780851082875,4.39584663800791e-06,0.0,0.0,0.0,0.0,66.4240866975,0.0025182645737659186,9.817921434525245e-09,0.0,0.0,0.0,0.0,66.60325843,0.0025174333713948727,0.0,0.0,0.0,0.0,0.0,68.12157075,0.002517436291673221,1.1599400910118679e-10,0.0,0.0,0.0,0.0
14,64.30238012,0.002536456760135479,2.1791755823655663e-06,0.0,0.0,0.0,0.0,64.305004975,0.0025416790465824304,4.483679583286946e-06,0.0,0.0,0.0,0.0,64.31347028,0.002518285089172423,1.6502235483189372e-08,0.0,0.0,0.0,0.0,64.50137026499999,0.0025174333713948727,0.0,0.0,0.0,0.0,0.0,66.0634575,0.0025174361653625965,0.0,0.0,0.0,0.0,0.0
15,62.23984411,0.0025365668101003393,2.261938622260329e-06,0.0,0.0,0.0,0.0,62.242391445,0.0025416820971295236,4.575740761848053e-06,0.0,0.0,0.0,0.0,62.251205885,0.002518316472414881,2.2473633273428445e-08,0.0,0.0,0.0,0.0,62.4477538525,0.0025174333712784575,5.2049497389486455e-12,0.0,0.0,0.0,0.0,64.05649825,0.0025174361653625965,0.0,0.0,0.0,0.0,0.0
16,60.224998185000004,0.0025366115773795173,2.3315313623705965e-06,0.0,0.0,0.0,0.0,60.227465785,0.0025416703931987286,4.614838791045915e-06,0.0,0.0,0.0,0.0,60.2366227775,0.0025183599840383976,3.302679131095173e-08,0.0,0.0,0.0,0.0,60.441691425,0.0025174333609174937,4.826675271994406e-11,0.0,0.0,0.0,0.0,62.0995625,0.0025174360409146177,1.1613786451575021e-10,0.0,0.0,0.0,0.0
17,58.257175034999996,0.002536591693526134,2.3678505133627306e-06,0.0,0.0,0.0,0.0,58.259560855000004,0.002541630357853137,4.584956879268277e-06,0.0,0.0,0.0,0.0,58.2690538275,0.0025184145976090803,4.787055256167581e-08,0.0,0.0,0.0,0.0,58.482478145,0.002517433312954381,1.0095269293711345e-10,0.0,0.0,0.0,0.0,60.1915495,0.002517435932531953,0.0,0.0,0.0,0.0,0.0
18,56.3357110575,0.0025365460875909776,2.392739883969429e-06,0.0,0.0,0.0,0.0,56.33801215,0.0025415751314722002,4.5459931685284765e-06,0.0,0.0,0.0,0.0,56.3478351825,0.0025184755455702544,5.6700034958755444e-08,0.0,0.0,0.0,0.0,56.5694213625,0.0025174332226160913,1.1182635488711585e-10,0.0,0.0,0.0,0.0,58.33139125,0.002517435932531953,0.0,0.0,0.0,0.0,0.0
19,54.459945055,0.0025365211605094373,2.458781895495932e-06,0.0,0.0,0.0,0.0,54.4621589425,0.002541521096951328,4.501311826298958e-06,0.0,0.0,0.0,0.0,54.47230642,0.0025185350263491274,5.3693249255259863e-08,0.0,0.0,0.0,0.0,54.701840697499996,0.002517433154163882,5.821278296226757e-11,0.0,0.0,0.0,0.0,56.518049500000004,0.0025174358307849614,1.1548751982330844e-10,0.0,0.0,0.0,0.0
20,52.629218237500005,0.002536542125744745,2.5741398965759912e-06,0.0,0.0,0.0,0.0,52.63134489,0.002541478897095658,4.446735419826201e-06,0.0,0.0,0.0,0.0,52.64181049,0.002518585455720313,4.189536023533249e-08,0.0,0.0,0.0,0.0,52.879060405000004,0.0025174331390298904,1.0402085214708316e-11,0.0,0.0,0.0,0.0,54.750516,0.002517435699701309,0.0,0.0,0.0,0.0,0.0
21,50.8428751575,0.0025365945106605066,2.751070885752938e-06,0.0,0.0,0.0,0.0,50.84491504,0.002541442394023761,4.382668515843023e-06,0.0,0.0,0.0,0.0,50.855693775000006,0.0025186236845329405,2.8292379295704057e-08,0.0,0.0,0.0,0.0,51.100416035,0.002517433138564229,0.0,0.0,0.0,0.0,0.0,53.02781025,0.002517435699701309,0.0,0.0,0.0,0.0,0.0
22,49.100265055,0.00253665468597319,2.9364356393479524e-06,0.0,0.0,0.0,0.0,49.102218847500005,0.002541395469335839,4.275880877363754e-06,0.0,0.0,0.0,0.0,49.1133057975,0.0025186535491375254,1.921350262165862e-08,0.0,0.0,0.0,0.0,49.3652473575,0.002517433138564229,0.0,0.0,0.0,0.0,0.0,51.34897625,0.0025174356625648217,8.524900943496752e-11,0.0,0.0,0.0,0.0
23,47.4007386475,0.002536745391902514,3.1037490392787146e-06,0.0,0.0,0.0,0.0,47.402608135,0.0025413359579397367,4.152586703027168e-06,0.0,0.0,0.0,0.0,47.413999125,0.0025186857589287685,1.9378602546824e-08,0.0,0.0,0.0,0.0,47.67289911,0.002517433138564229,0.0,0.0,0.0,0.0,0.0,49.713084,0.0025174354693153875,2.3732456174594816e-11,0.0,0.0,0.0,0.0
24,45.743650195,0.0025369066485436634,3.299776868996198e-06,0.0,0.0,0.0,0.0,45.74543786,0.0025412694736151025,4.0591492711273196e-06,0.0,0.0,0.0,0.0,45.7571299025,0.0025187356694368647,3.01468064050669e-08,0.0,0.0,0.0,0.0,46.0227234525,0.002517433138564229,0.0,0.0,0.0,0.0,0.0,48.11922925,0.0025174354668706656,0.0,0.0,0.0,0.0,0.0
25,44.128358035000005,0.00253714316454716,3.6155316579196935e-06,0.0,0.0,0.0,0.0,44.1300655275,0.002541202195454389,3.977547491261002e-06,0.0,0.0,0.0,0.0,44.142055664999994,0.0025188188686734066,4.6892392559183894e-08,0.0,0.0,0.0,0.0,44.414076220000005,0.002517433138564229,0.0,0.0,0.0,0.0,0.0,46.566529249999995,0.0025174354668706656,0.0,0.0,0.0,0.0,0.0
26,42.554223334999996,0.0025374260214157405,3.921729412756964e-06,0.0,0.0,0.0,0.0,42.5558525875,0.0025411464452045037,3.926379674047181e-06,0.0,0.0,0.0,0.0,42.56813818249999,0.0025189439131645484,6.266797056252758e-08,0.0,0.0,0.0,0.0,42.846315302499995,0.002517433138564229,0.0,0.0,0.0,0.0,0.0,45.05412325,0.002517435316229239,1.112703955183356e-10,0.0,0.0,0.0,0.0
27,41.0206100175,0.002537745100678876,4.270587250663858e-06,0.0,0.0,0.0,0.0,41.02216331875,0.0025411109712440523,3.95620668776731e-06,0.0,0.0,0.0,0.0,41.034741235000006,0.0025191041863290593,7.056667137871044e-08,0.0,0.0,0.0,0.0,41.31880564625,0.002517433138564229,0.0,0.0,0.0,0.0,0.0,43.58117275,0.002517435234040022,0.0,0.0,0.0,0.0,0.0
28,39.5268869075,0.002538093211245723,4.629512274863921e-06,0.0,0.0,0.0,0.0,39.52836526625,0.0025410951554076747,4.064264861995528e-06,0.0,0.0,0.0,0.0,39.5412324275,0.0025192742272047326,6.524437397130339e-08,0.0,0.0,0.0,0.0,39.83091463875,0.002517433138564229,0.0,0.0,0.0,0.0,0.0,42.146858720000004,0.002517435234040022,0.0,0.0,0.0,0.0,0.0
29,38.0724243675,0.0025384905150858685,4.911252228476577e-06,0.0,0.0,0.0,0.0,38.073829835,0.0025410870343912395,4.212372745974022e-06,0.0,0.0,0.0,0.0,38.086982264999996,0.002519416874041781,4.7544150130868854e-08,0.0,0.0,0.0,0.0,38.382013488750005,0.002517433138564229,0.0,0.0,0.0,0.0,0.0,40.7503805,0.002517435230547562,2.830113698994558e-11,0.0,0.0,0.0,0.0
30,36.65659694,0.0025389183578081427,5.148103037913431e-06,0.0,0.0,0.0,0.0,36.657931205000004,0.0025410716674523427,4.350958695629405e-06,0.0,0.0,0.0,0.0,36.67136499875,0.002519502236857079,3.040712325337921e-08,0.0,0.0,0.0,0.0,36.971476345,0.002517433138564229,0.0,0.0,0.0,0.0,0.0,39.390957375,0.002517435027402826,7.356997032047097e-11,0.0,0.0,0.0,0.0
31,35.27878150625,0.0025392700866796077,5.316093987748048e-06,0.0,0.0,0.0,0.0,35.280047195,0.002541045809048228,4.423318232267398e-06,0.0,0.0,0.0,0.0,35.29375810875,0.002519531850819476,2.8077299764034035e-08,0.0,0.0,0.0,0.0,35.59868251625,0.002517433138564229,0.0,0.0,0.0,0.0,0.0,38.067824875,0.0025174350012093782,0.0,0.0,0.0,0.0,0.0
32,33.93835976625,0.0025395078997826202,5.359444911653813e-06,0.0,0.0,7.006492321624086e-49,3.1326151753974123e-47,33.93955869,0.002541014425922185,4.366860649913687e-06,0.0,0.0,0.0,0.0,33.9535430675,0.0025195531281642617,5.2628076934784314e-08,0.0,0.0,0.0,0.0,34.26301295875,0.002517433138564229,0.0,0.0,0.0,0.0,0.0,36.780236,0.0025174350012093782,0.0,0.0,0.0,0.0,0.0
33,32.6347161725,0.0025397142675938084,5.3740925591700475e-06,0.0,0.0,3.0127916982983567e-46,9.826839652496196e-46,32.6358500225,0.0025409870290895925,4.205745025357554e-06,0.0,0.0,1.2891945871788317e-46,5.023923716202342e-46,32.65010662625,0.002519648639135994,9.948929850652673e-08,0.0,0.0,4.764414778704378e-47,2.9005185772700434e-46,32.96385423625,0.002517433138564229,0.0,0.0,0.0,0.0,0.0,35.5274595,0.0025174349994631483,2.0087968938445435e-11,0.0,0.0,0.0,0.0
34,31.3672384875,0.002539984968723729,5.445921382258842e-06,0.0,0.0,5.328437410595117e-45,1.3902864885023015e-44,31.36830925625,0.0025409705745987592,4.023250843313691e-06,0.0,0.0,2.7241242146474443e-45,6.899010041118663e-45,31.38283758125,0.0025199127626838163,1.9099986501773998e-07,0.0,0.0,1.502191953756204e-45,3.948285184623879e-45,31.7005939275,0.002517433138564229,0.0,0.0,0.0,0.0,0.0,34.3087795,0.0025174347979482264,7.752631136125346e-11,0.0,0.0,0.0,0.0
35,30.135317652500003,0.002540348660433665,5.612019411319302e-06,0.0,0.0,7.794722707806795e-44,2.011790984808329e-43,30.13632749625,0.002540967016131617,3.8803786243687055e-06,0.0,0.0,4.0411345763431237e-44,9.982387822367113e-44,30.15112678,0.002520455063902773,3.5358419613010547e-07,0.0,0.0,2.2570013715647667e-44,5.665975210571668e-44,30.472625125,0.002517433138564229,0.0,0.0,0.0,0.0,0.0,33.1234945,0.0025174347683787346,0.0,0.0,0.0,0.0,0.0
36,28.938348298749997,0.002540756073081866,5.884349583008213e-06,0.0,0.0,1.1305493841372262e-42,2.9184636795240806e-42,28.9392993175,0.0025409754215506837,3.8054039405997014e-06,0.0,0.0,5.870838007181324e-43,1.4492764893476098e-42,28.954366812499998,0.0025214528696378695,6.225844557712964e-07,0.0,0.0,3.2789893610738205e-43,8.224264410284877e-43,29.27934415375,0.002517433138564229,0.0,0.0,0.0,0.0,0.0,31.970917125,0.0025174347683787346,0.0,0.0,0.0,0.0,0.0
37,27.77572804625,0.0025411729805637153,6.245472964318617e-06,0.0,0.0,1.6396140011011475e-41,4.2345932045357375e-41,27.776623035,0.0025409846873953937,3.742932080580344e-06,0.0,0.0,8.523123955405925e-42,2.1048476005588754e-41,27.791954318749998,0.002523262677132152,1.2671155351532097e-06,0.0,0.0,4.761621990864979e-42,1.1943854235265283e-41,28.12015050875,0.002517433138564229,0.0,0.0,0.0,0.0,0.0,30.850373875000002,0.0025174347683787346,0.0,0.0,0.0,0.0,0.0
38,26.646859063749996,0.002541586032835767,6.643545796118152e-06,0.0,0.0,2.378327376073274e-40,6.145243646242329e-40,26.647700837500004,0.002540976615739055,3.639973767497773e-06,0.0,0.0,1.2375255949100925e-40,3.0574076942329807e-40,26.663290145,0.002526554599404335,3.054909340145325e-06,0.0,0.0,6.915259383805754e-41,1.734859320901334e-40,26.9944469275,0.002517433138564229,0.0,0.0,0.0,0.0,0.0,29.761202375,0.002517434650566429,1.1640693962199302e-10,0.0,0.0,0.0,0.0
39,25.5511462625,0.0025419874012004586,7.007511824184089e-06,0.0,0.0,3.450466476259055e-39,8.919477489443254e-39,25.5519375025,0.0025409586298046636,3.5557224764943855e-06,0.0,0.0,1.7970477220651594e-39,4.441592054454659e-39,25.5677808775,0.002532046858803369,6.646704537583145e-06,0.0,0.0,1.004428642152545e-39,2.5202338355236105e-39,25.901640724999996,0.002517433138564229,0.0,0.0,0.0,0.0,0.0,28.70275525,0.002517434535548091,0.0,0.0,0.0,0.0,0.0
40,24.487998126249998,0.0025423916876316072,7.334488619385985e-06,0.0,0.0,5.006733641412991e-38,1.2948268320653672e-37,24.4887423925,0.002540968961897306,3.6152987278613695e-06,0.0,0.0,2.6097768155000825e-38,6.453039048842961e-38,24.50483570875,0.0025393780451267957,1.1399441666861435e-05,0.0,0.0,1.459070870559134e-38,3.661521380030684e-38,24.841142611250003,0.002517433138564229,0.0,0.0,0.0,0.0,0.0,27.67439375,0.002517434535548091,0.0,0.0,0.0,0.0,0.0
41,23.4568279475,0.0025428237314336004,7.659352284582122e-06,0.0,0.0,7.265906184727298e-37,1.879937127473981e-36,23.45752774625,0.0025410363966366276,3.840516644169716e-06,0.0,0.0,3.7902571192837005e-37,9.375888649179703e-37,23.47386830875,0.002546713124611415,1.4974731163132681e-05,0.0,0.0,2.1196550704624356e-37,5.320008210391176e-37,23.8123664775,0.002517433138564229,0.0,0.0,0.0,0.0,0.0,26.67549271,0.002517434535548091,0.0,0.0,0.0,0.0,0.0
42,22.45705251375,0.002543295933515765,7.99210565432133e-06,0.0,0.0,1.0545539528995274e-35,2.729739704779349e-35,22.457709542499998,0.0025411562523804604,4.199254988909282e-06,0.0,0.0,5.504713522495501e-36,1.362265512062011e-35,22.4742954175,0.002552924457937479,1.7385773430678945e-05,0.0,0.0,3.0793874382702984e-36,7.729833382841751e-36,22.81473120625,0.0025174331380985676,1.0402085214708314e-11,0.0,0.0,0.0,0.0,25.705436000000002,0.002517434535548091,0.0,0.0,0.0,0.0,0.0
43,21.4880916575,0.002543798132217489,8.318549571167824e-06,0.0,0.0,1.5306333547888926e-34,3.963952579819209e-34,21.488706827500003,0.0025413206786615776,4.580766724406305e-06,0.0,0.0,7.99422475662164e-35,1.9791807919576304e-34,21.505534976249997,0.002558502993080765,2.0721673223958077e-05,0.0,0.0,4.473486823661718e-35,1.1230703738616345e-34,21.847658185,0.002517433117842302,6.629706929531359e-11,0.0,0.0,0.0,0.0,24.76362001375,0.0025174343475373464,9.179663704332899e-11,0.0,0.0,0.0,0.0
44,20.549368402499997,0.0025443235754501075,8.65778403576462e-06,0.0,0.0,2.2216044221733473e-33,5.7561694252018855e-33,20.549943085,0.002541534209623933,4.892169916815273e-06,0.0,0.0,1.160812034845949e-33,2.8750913797548838e-33,20.5670074475,0.002564065241604112,2.4547485694094092e-05,0.0,0.0,6.497943457765523e-34,1.6315008956466134e-33,20.910574108125,0.0025174330254085363,1.1636967807284867e-10,0.0,0.0,0.0,0.0,23.84944875,0.0025174343027174473,0.0,0.0,0.0,0.0,0.0
45,19.64031042125,0.002544878129498102,9.022883587490626e-06,0.0,0.0,3.224149509173912e-32,8.357791607463223e-32,19.64084481,0.0025418134529609235,5.28481376046696e-06,0.0,0.0,1.6852004914351235e-32,4.175611883127491e-32,19.658133753125,0.002570425383280963,2.6475116661770603e-05,0.0,0.0,9.436486596603918e-33,2.369556411198887e-32,20.002908273750002,0.0025174329223809763,5.999072544003137e-11,0.0,0.0,0.0,0.0,22.962337,0.0025174343027174473,0.0,0.0,0.0,0.0,0.0
46,18.76034848125,0.0025454879894386976,9.411767080414143e-06,0.0,0.0,4.678060649118794e-31,1.2132440283198795e-30,18.76084297375,0.0025421586357988416,5.820298028894877e-06,0.0,0.0,2.4456553356785003e-31,6.06234306654099e-31,18.778336026875,0.0025787773543270304,2.6475213335237174e-05,0.0,0.0,1.3699282962864247e-31,3.4402976014297413e-31,19.124095031875,0.002517432905966416,7.359069133773033e-12,0.0,0.0,0.0,0.0,22.101708624999997,0.0025174343027174473,0.0,0.0,0.0,0.0,0.0
47,17.908915985625,0.002546190258814022,9.841246683997454e-06,0.0,0.0,6.785075087768685e-30,1.7605083127809402e-29,17.909371344375,0.0025425456920638682,6.4130746980769826e-06,0.0,0.0,3.547559891815243e-30,8.797283724792403e-30,17.92704123375,0.002588294132030569,2.6384695861351603e-05,0.0,0.0,1.987822802134818e-30,4.992460834599356e-30,18.273572206875,0.0025174329057335854,0.0,0.0,0.0,0.0,0.0,21.266996000000002,0.0025174343027174473,0.0,0.0,0.0,0.0,0.0
48,17.085451434375003,0.002547023362130858,1.0333075976067317e-05,0.0,0.0,9.835643578554357e-29,2.553190228948245e-28,17.085868056875,0.002542954395757988,6.9647806679016675e-06,0.0,0.0,5.142509334170659e-29,1.2757457828458652e-28,17.103679828125,0.0025973218028666452,2.7250977028293758e-05,0.0,0.0,2.88251832507852e-29,7.240117993916503e-29,17.450782020625,0.0025174329057335854,0.0,0.0,0.0,0.0,0.0,20.457641625,0.0025174341740785166,1.1577180375278407e-10,0.0,0.0,0.0,0.0
49,16.289396955625,0.002548002756549977,1.0940102130708101e-05,0.0,0.0,1.4246483605233836e-27,3.699818027214895e-27,16.289775396875,0.002543418974033557,7.418887282502265e-06,0.0,0.0,7.447881067060982e-28,1.848372559954303e-27,16.30768654625,0.002605318149086088,2.986217494985576e-05,0.0,0.0,4.176179394295799e-28,1.0490248926721247e-27,16.655170540624997,0.0025174329057335854,0.0,0.0,0.0,0.0,0.0,19.673094,0.0025174340698868036,0.0,0.0,0.0,0.0,0.0
50,15.520198684375,0.002549109316314571,1.1644391628590452e-05,0.0,0.0,2.061287971326478e-26,5.355486687602737e-26,15.520538455,0.002543991416692734,8.035446373861373e-06,0.0,0.0,1.0773942484776085e-26,2.674832955113456e-26,15.538499485625001,0.0026118001420982182,3.29204318782323e-05,0.0,0.0,6.0432244329760294e-27,1.518107037589588e-26,15.886187756250001,0.0025174329057335854,0.0,0.0,0.0,0.0,0.0,18.912810625,0.0025174340698868036,0.0,0.0,0.0,0.0,0.0
51,14.77730614375,0.002550356882507913,1.2453525002052414e-05,0.0,0.0,2.978040544851899e-25,7.740618842182914e-25,14.777606785,0.002544713085866533,8.89852701426527e-06,0.0,0.0,1.556092537518254e-25,3.8647091600988986e-25,14.7955634125,0.002617204645415768,3.3822267846697515e-05,0.0,0.0,8.73123472514864e-26,2.1934611174283564e-25,15.1432876,0.0025174329116707667,3.6702965095290094e-11,0.0,0.0,0.0,0.0,18.176257749999998,0.0025174340698868036,0.0,0.0,0.0,0.0,0.0
52,14.060172483125001,0.002551816829829477,1.3408686197666442e-05,0.0,0.0,4.294053184917776e-24,1.1165959370083493e-23,14.060433570625,0.0025456200452754272,1.0082152716213996e-05,0.0,0.0,2.242861378965064e-24,5.5723314220704384e-24,14.078330123125001,0.0026223758431151508,3.0017673694140714e-05,0.0,0.0,1.2588941264765129e-24,3.1627032026830384e-24,14.425927776250001,0.002517432926804759,7.662560481045544e-11,0.0,0.0,0.0,0.0,17.4629076875,0.0025174340698868036,0.0,0.0,0.0,0.0,0.0
53,13.368255249375,0.002553591210162267,1.4513346937068609e-05,0.0,0.0,6.175447955946845e-23,1.6064929210837924e-22,13.368476341875,0.002546680368250236,1.1393846326982395e-05,0.0,0.0,3.2240345511810264e-23,8.012739774416736e-23,13.38626165,0.0026278051479021085,2.4618795556858072e-05,0.0,0.0,1.8102631593108387e-23,4.548014594312636e-23,13.733569765625,0.0025174328361172228,2.98677251463848e-10,0.0,0.0,0.0,0.0,16.7722409375,0.0025174336282070726,9.178106007905309e-11,0.0,0.0,0.0,0.0
54,12.701015519375,0.0025557636630255728,1.5786949685388124e-05,0.0,0.0,8.850543703461647e-22,2.303342141969466e-21,12.7011961075,0.0025479671312496066,1.2775650280112188e-05,0.0,0.0,4.618111744964394e-22,1.14810553988591e-21,12.718827054375,0.00263186097831931,2.1426558377564788e-05,0.0,0.0,2.594081240907679e-22,6.517373954574686e-22,13.065679069999998,0.0025174330997979268,1.4248926802072985e-09,0.0,0.0,0.0,0.0,16.1037450625,0.002517434963490814,2.6390673033420215e-10,0.0,0.0,0.0,0.0
55,12.057918669374999,0.0025586405909853054,1.744787504593862e-05,0.0,0.0,1.26267918551257e-20,3.287375991776002e-20,12.05805716375,0.0025498119376134126,1.4705898559295908e-05,0.0,0.0,6.5845531640270146e-21,1.6374555846890088e-20,12.075499954375001,0.0026355490180430935,1.9440908476099392e-05,0.0,0.0,3.70043920819523e-21,9.29717127083891e-21,12.421725330000001,0.002517433116910979,4.255647085573002e-09,0.0,0.0,0.0,0.0,15.4569146875,0.0025174309246940537,8.245600437113795e-10,0.0,0.0,0.0,0.0
56,11.438433834375001,0.0025627097878605128,1.9831508712819245e-05,0.0,0.0,1.7906352603840826e-19,4.663527578598795e-19,11.438529456249999,0.0025526340724900363,1.74285867377821e-05,0.0,0.0,9.331778330113689e-20,2.3212746955456564e-19,11.45575700625,0.002641318184672855,2.388244661783065e-05,0.0,0.0,5.24730748144101e-20,1.3183820556507108e-19,11.80118235625,0.002517416494549252,4.367658109823366e-08,0.0,0.0,0.0,0.0,14.8312505625,0.0025174408153397962,2.0630777376358245e-09,0.0,0.0,0.0,0.0
57,10.842034125625,0.0025687730708159506,2.3346399588180967e-05,0.0,0.0,2.519260029449684e-18,6.563143095345405e-18,10.842086513125,0.0025571641344577073,2.1237049019121993e-05,0.0,0.0,1.3120123104998017e-18,3.264433887656105e-18,10.8590768325,0.002650252255029045,3.1935234351769495e-05,0.0,0.0,7.382641184102838e-19,1.8549028774894975e-18,11.20353174875,0.002517402734491043,1.0902883310953177e-07,0.0,0.0,0.0,0.0,14.226261344375,0.002517421690747142,3.851864601271805e-09,0.0,0.0,0.0,0.0
58,10.2681974534375,0.0025783393849851564,2.8892865234179406e-05,0.0,0.0,3.507287314688562e-17,9.139489925628495e-17,10.26820419625,0.002564576082164422,2.6606611151289717e-05,0.0,0.0,1.825276316287353e-17,4.5424092622357155e-17,10.284938206875,0.0026639238505158573,3.559778562205361e-05,0.0,0.0,1.0279545859845207e-17,2.582725329930941e-17,10.62827485375,0.002517566910479218,3.3026384216990846e-07,0.0,0.0,0.0,0.0,13.64146117125,0.002517446002573706,4.732730285546902e-09,0.0,0.0,0.0,0.0
59,9.7164186834375,0.0025960686452453957,3.652260847442636e-05,0.0,0.0,4.814930856422388e-16,1.2549514415860322e-15,9.716356225624999,0.0025772407677723094,3.335762859696474e-05,0.0,0.0,2.503781496467892e-16,6.232102936092607e-16,9.73283252,0.0026900442529004067,3.702905853296489e-05,0.0,0.0,1.4116872517885828e-16,3.5466659019979986e-16,10.0749250109375,0.0025179444367531686,8.398342067871692e-07,0.0,0.0,0.0,0.0,13.07637088375,0.002517440268653445,1.0904000579490918e-08,0.0,0.0,0.0,0.0
60,9.1862594746875,0.002639145646826364,4.857186816877465e-05,0.0,0.0,6.488543628917727e-15,1.6913325168503348e-14,9.18607236625,0.002605846298043616,4.0192668646024255e-05,0.0,0.0,3.37030988947179e-15,8.389956589449649e-15,9.2023281090625,0.002746361847850494,4.636367112943002e-05,0.0,0.0,1.9035645075108485e-15,4.782269583568461e-15,9.543068775624999,0.0025193110598484055,1.626386728735242e-06,0.0,0.0,0.0,0.0,12.530517800624999,0.0025173809871776027,2.8779480340868547e-08,0.0,0.0,0.0,0.0
61,8.6774971565625,0.0027722708870423956,6.550093093826607e-05,0.0,0.0,8.537575246892238e-14,2.2255471802605977e-13,8.677279419062499,0.0026928703570738436,4.391774957008563e-05,0.0,0.0,4.431690668163054e-14,1.1032908624833412e-13,8.693211140625,0.002870756741380319,5.837098617592663e-05,0.0,0.0,2.507408152375117e-14,6.299865619886745e-14,9.03228736625,0.002520700531778857,1.2079008167756993e-06,0.0,0.0,0.0,0.0,12.003434413125001,0.002517440749448724,1.3724750790367544e-07,0.0,0.0,0.0,0.0
62,8.1902635884375,0.003203670757007785,9.448315648632423e-05,0.0,0.0,1.0904481030116533e-12,2.84277024832045e-12,8.190564504687499,0.002963146505993791,3.3914903276571176e-05,0.0,0.0,5.672622917982533e-13,1.4124692806158176e-12,8.2056270825,0.003192407846916467,5.08320911965323e-05,0.0,0.0,3.2092407124415845e-13,8.064835068059412e-13,8.541942047500001,0.0025199068190995605,9.81911738077502e-07,0.0,0.0,0.0,0.0,11.4946567775,0.002517521802103147,7.326531876768916e-08,0.0,0.0,0.0,0.0
63,7.724652498125,0.00421882918686606,0.00014671244008484139,0.0,0.0,1.3392322117566453e-11,3.4923941421339115e-11,7.7262259175,0.0036670171649893744,8.765831044082239e-05,0.0,0.0,7.028887693724762e-12,1.7507418161390138e-11,7.739815894375,0.003993349339696578,9.006572582568094e-05,0.0,0.0,3.962529895350807e-12,9.956755147144315e-12,8.07157131375,0.002521671391441487,2.6259700168768773e-06,0.0,0.0,0.0,0.0,11.00372979625,0.002517175658373162,5.374088804066808e-08,0.0,0.0,0.0,0.0
64,7.280004570000001,0.005573969967430458,0.00015535670720128906,0.0,0.0,1.540825262301946e-10,4.0181516874812026e-10,7.2832270621875,0.004756926456233487,0.0001432440700217929,0.0,0.0,8.271157701239492e-11,2.0611194978870013e-10,7.295317436875,0.005118752533104271,0.00012939065027955078,0.0,0.0,4.630724368867502e-11,1.1631057064533265e-10,7.6216356478125,0.0025349629180273043,3.5214326935079133e-06,0.0,0.0,0.0,0.0,10.5302221584375,0.0025169573430903255,4.296820885244942e-08,0.0,0.0,0.0,0.0
65,6.8550884284375,0.006690094719873741,0.00017358834146627918,0.0,0.0,1.564604623863119e-09,4.077589443568966e-09,6.8598406509375005,0.005783267252612859,0.00017558173602411585,0.0,0.0,8.808960990264386e-10,2.196055269579106e-09,6.8708504024999995,0.006115517852129415,9.54254695327376e-05,0.0,0.0,4.891287743481329e-10,1.2289697392915972e-09,7.19205752375,0.0025445393562549723,2.7867513578049593e-06,0.0,0.0,0.0,0.0,10.073775334375,0.002518157232902013,7.926664124910498e-08,0.0,0.0,0.0,0.0
66,6.4488872071875,0.007032493538223207,0.00014943593424067084,0.0,0.0,1.249618171638315e-08,3.246887397626379e-08,6.4547921724999995,0.006342936844797805,0.0001132578608927923,0.0,0.0,7.755628142984221e-09,1.9344413158827893e-08,6.4652154865625,0.006616166464984417,6.798192751583258e-05,0.0,0.0,4.288044315765987e-09,1.0786148936223534e-08,6.781835381875,0.0025538492903579026,2.5156455876265583e-06,0.0,0.0,0.0,0.0,9.634242776875,0.002523076487937942,2.2901293821792803e-07,0.0,0.0,0.0,0.0
67,6.0608638946874995,0.006396903505083174,0.000200504064804345,0.0,0.0,6.159697891380156e-08,1.5708110626079135e-07,6.067458764375,0.006224280103808269,0.00013902086852900968,0.0,0.0,4.765008167053059e-08,1.181921320433108e-07,6.0776719428125,0.0064010609453544025,0.0001260492745867693,0.0,0.0,2.6601906038707174e-08,6.701397228209375e-08,6.3901189190625,0.0025659812685335055,2.868575850670615e-06,0.0,0.0,0.0,0.0,9.21174878125,0.0025328627972630783,3.3255333386204673e-07,0.0,0.0,0.0,0.0
68,5.6906089571875,0.0051611596292350445,0.0002857663045964136,0.0,0.0,1.1131468181375995e-07,2.695819364669307e-07,5.6975078240625,0.005480343624483794,0.00021460964680504514,0.0,0.0,1.3340798081863623e-07,3.233058279048572e-07,5.7077251203125,0.005614942107349634,0.00016364892534993265,0.0,0.0,8.179813690732776e-08,2.0415353302808813e-07,6.0160439396875,0.002581078805960715,2.9771342249138942e-06,0.0,0.0,0.0,0.0,8.806183875,0.0025434977122349663,2.884720148113894e-07,0.0,0.0,0.0,0.0
69,5.337502681249999,0.004026532544288784,0.00029982070092861936,0.0,0.0,1.1885611463759617e-07,2.8661449233620774e-07,5.3445578840625,0.004582746254629456,0.0002534888298571448,0.0,0.0,1.403213637940626e-07,3.4044424002474863e-07,5.354827993125,0.0047463782171253115,0.000152694722696957,0.0,0.0,8.608213838150586e-08,2.148360062312459e-07,5.6588472259375,0.0025913887600181626,3.7200933745982933e-06,0.0,0.0,0.0,0.0,8.41691800375,0.0025510690313531085,2.1925134258222952e-07,0.0,0.0,0.0,0.0
70,5.00074564921875,0.003265470072743483,0.0002548900485430824,0.0,0.0,1.247909900925055e-07,3.012781706226601e-07,5.0080195840625,0.0038769106613472104,0.00030489441110377786,0.0,0.0,1.474714632240867e-07,3.584049390829999e-07,5.0183241940625,0.004056921690120362,0.0001230247355296065,0.0,0.0,9.032636211530051e-08,2.2534155878866594e-07,5.3178781875,0.0025876927374629305,1.7725010279281465e-06,0.0,0.0,0.0,0.0,8.04316225,0.0025588706517592073,3.059156661685379e-07,0.0,0.0,0.0,0.0
71,4.6796507603125,0.002784811761463061,0.00022423601551151576,0.0,0.0,1.3099121723551879e-07,3.167932101610525e-07,4.68721306953125,0.0034185479901498186,0.0003037219724030584,0.0,0.0,1.5503689286121915e-07,3.7731866722592817e-07,4.69755359140625,0.003602727088262327,0.00010088110468782373,0.0,0.0,9.481331491292604e-08,2.364367605399622e-07,4.9925368690625005,0.002581224194727838,1.4824351050508992e-06,0.0,0.0,0.0,0.0,7.68421684375,0.002571947926655412,4.7441144962409323e-07,0.0,0.0,0.0,0.0
72,4.3736657490625,0.002470467546780128,0.0002190417903622271,0.0,0.0,1.3756372395519937e-07,3.3328314989435394e-07,4.38153718875,0.0030857580279698596,0.0002773667040298477,0.0,0.0,1.6312283258347975e-07,3.9744886177824355e-07,4.39192522703125,0.0032989641294116153,9.61889151990882e-05,0.0,0.0,9.957241817179069e-08,2.481267948063566e-07,4.68226754765625,0.0025791088589467107,7.034016899571047e-07,0.0,0.0,0.0,0.0,7.33948356875,0.0025835332399001343,3.0635690291245564e-07,0.0,0.0,0.0,0.0
73,4.0823033046875,0.002256607667542994,0.00021246716927020886,0.0,0.0,1.445538680098296e-07,3.508799443245035e-07,4.0904751971875,0.0028119077238370664,0.00025567126605478444,0.0,0.0,1.7179391217339782e-07,4.189788683830042e-07,4.1009228075,0.0030626187692396343,0.00010506490625611802,0.0,0.0,1.0465053760689416e-07,2.60555100988757e-07,4.38654191984375,0.002579568900750019,3.000542564710081e-07,0.0,0.0,0.0,0.0,7.008409343125,0.002584543140139431,1.9237542277536961e-07,0.0,0.0,0.0,0.0
74,3.8051088703125,0.002100084001198411,0.00020257452997403535,0.0,0.0,1.520285374099917e-07,3.6975260151227817e-07,3.81355774875,0.0025695031320792623,0.0002457623703096723,0.0,0.0,1.810563602350746e-07,4.42000217336951e-07,3.8240819496875,0.0028501176317222415,0.00011897974259075907,0.0,0.0,1.1011093692657893e-07,2.739111204146519e-07,4.10487331625,0.0025803675419883805,1.6006354473460273e-07,0.0,0.0,0.0,0.0,6.69046821875,0.0025820221902104093,1.4836415891279318e-07,0.0,0.0,0.0,0.0
75,3.54165068921875,0.001972581562702544,0.00019622867995924603,0.0,0.0,1.600427206892828e-07,3.9000746258728276e-07,3.55034033765625,0.002348443920200225,0.0002520119754366354,0.0,0.0,1.9094290694091458e-07,4.666366026596527e-07,3.5609638817187497,0.0026403600678313525,0.00012973097506347508,0.0,0.0,1.1600393993260968e-07,2.883100302946613e-07,3.836805145,0.002580930585972965,9.081448432909557e-08,0.0,0.0,0.0,0.0,6.3851725625,0.0025795578645775095,7.604244946371344e-08,0.0,0.0,0.0,0.0
76,3.2915073112499997,0.001862430057313759,0.00019451318271791537,0.0,0.0,1.6864175376063631e-07,4.117549233108955e-07,3.30039493765625,0.0021512892189784905,0.00026239482871613645,0.0,0.0,2.0153922284653675e-07,4.930991744630436e-07,3.31113662140625,0.002429826666833833,0.00013888102789657696,0.0,0.0,1.223776582718342e-07,3.03908249591419e-07,3.5818936309375005,0.002581289226887748,3.178198179842672e-08,0.0,0.0,0.0,0.0,6.092074624687499,0.0025788922942010686,1.3118665844259161e-08,0.0,0.0,0.0,0.0
77,3.05426277609375,0.0017592363712610676,0.00019000065158597486,0.0,0.0,1.7788400923900087e-07,4.3515393704718843e-07,3.06330328296875,0.001982759443693794,0.00026253621114136856,0.0,0.0,2.1293795444294046e-07,5.216304801414858e-07,3.0741667815625,0.0022184170860564336,0.0001418666198156622,0.0,0.0,1.2926253657156152e-07,3.2079183479244923e-07,3.33971466359375,0.0025815217879135164,8.157608255594887e-09,0.0,0.0,0.0,0.0,5.810760128125,0.002579507822636515,3.015225187506905e-08,0.0,0.0,0.0,0.0
78,2.82950478140625,0.0016536403347272425,0.00017062492894920423,0.0,0.0,1.8784173687772224e-07,4.603777761481158e-07,2.83865848625,0.0018363743483205326,0.0002585796326037834,0.0,0.0,2.2524608954968905e-07,5.524864245515617e-07,2.8496271634375003,0.002006502831878606,0.00014329265247531073,0.0,0.0,1.366917141902331e-07,3.390255765377094e-07,3.1098560371875,0.0025816694397944955,2.5326798047896528e-09,0.0,0.0,0.0,0.0,5.5408402090625,0.00258034595369827,2.696693899667358e-08,0.0,0.0,0.0,0.0
79,2.616827563046875,0.0015495518608368002,0.00015589004697480125,0.0,0.0,1.985828667198703e-07,4.875827733581134e-07,2.626059460625,0.0017034512301615904,0.0002623828915633525,0.0,0.0,2.3856944635951715e-07,5.860946493894284e-07,2.63710286984375,0.0018132535003242082,0.0001476280637033046,0.0,0.0,1.447116397608686e-07,3.5869847355937635e-07,2.89191305875,0.002581760424305685,8.820000864535507e-10,0.0,0.0,0.0,0.0,5.281944959687499,0.0025809470349922774,1.6205043467696123e-08,0.0,0.0,0.0,0.0
80,2.415831559609375,0.0014525146622036118,0.00015201622658345156,0.0,0.0,2.1017721377106708e-07,5.169518515098812e-07,2.4251093971875,0.0015766371530480682,0.0002672007557200974,0.0,0.0,2.5301751885732775e-07,6.227553806567543e-07,2.4361893656249998,0.0016469348229002207,0.00015603933199245045,0.0,0.0,1.5338175949891608e-07,3.799429847449771e-07,2.68548796875,0.0025818160889903084,5.660360402192929e-10,0.0,0.0,0.0,0.0,5.033720609375,0.0025813016911270096,9.22947490628306e-09,0.0,0.0,0.0,0.0
81,2.226121551171875,0.0013646370767382906,0.0001497106390146167,0.0,0.0,2.2270685570169828e-07,5.486997558461771e-07,2.2354161130468753,0.0014559649557049851,0.0002629354597352911,0.0,0.0,2.687009571192147e-07,6.628060092979748e-07,2.246486543125,0.0015022623954573646,0.00015514611630095866,0.0,0.0,1.627553830802818e-07,4.028846406699344e-07,2.490189150859375,0.002581857553683221,6.4932641434879806e-09,0.0,0.0,0.0,0.0,4.795825859375,0.0025815103255445136,6.244563846028509e-09,0.0,0.0,0.0,0.0
82,2.0473060917968753,0.001282668399915565,0.0001464101646351391,0.0,0.0,2.3628086607264646e-07,5.831088092965465e-07,2.05659121078125,0.0013454814575670753,0.00025550343254301163,0.0,0.0,2.85756493888366e-07,7.065380595886299e-07,2.06760190171875,0.0013753693161997944,0.00015101480715927596,0.0,0.0,1.7290008766294888e-07,4.276850821611247e-07,2.305630942890625,0.0025818131178384648,4.0165236745863e-08,0.0,0.0,0.0,0.0,4.5679296562500005,0.002581661653937772,4.901844709241587e-09,0.0,0.0,0.0,0.0
83,1.87899795828125,0.0011998588683200069,0.00014731962215797114,0.0,0.0,2.510269081294164e-07,6.204740441063979e-07,1.888247230859375,0.0012460613717121304,0.00024053002119159918,0.0,0.0,3.0436410796806186e-07,7.543014314210765e-07,1.8991492910156251,0.001265788744407473,0.00015229122390812333,0.0,0.0,1.8393676748869893e-07,4.5465676623061747e-07,2.131433273671875,0.002582116088597104,2.190258816261131e-07,0.0,0.0,0.0,0.0,4.3497096875,0.0025817611052189023,4.954020233661271e-09,0.0,0.0,0.0,0.0
84,1.72081609984375,0.0011171517562761437,0.00015106791023539087,0.0,0.0,2.6709995989566843e-07,6.611693450695561e-07,1.7299995948437499,0.0011527314244012814,0.00021735723213740028,0.0,0.0,3.2472236042673445e-07,8.065048814235682e-07,1.740748033671875,0.0011688360805710545,0.00016044602803283779,0.0,0.0,1.959991109464124e-07,4.840965666920781e-07,1.967221611484375,0.002582132118404843,1.4658672003501256e-07,0.0,0.0,0.0,0.0,4.140850921875,0.0025818073637783527,6.448594021786593e-09,0.0,0.0,0.0,0.0
85,1.572386245625,0.0010377159717027099,0.00015461621404215073,0.0,0.0,2.8468746383470226e-07,7.056044137123862e-07,1.581471543984375,0.0010671404487511609,0.0002016372001495039,0.0,0.0,3.4705386970383115e-07,8.636929521285983e-07,1.592024892109375,0.0010751794156822142,0.00017055446821351284,0.0,0.0,2.092394233208661e-07,5.163362843837309e-07,1.8126268805468748,0.0025822518533095717,3.2624993669396274e-07,0.0,0.0,0.0,0.0,3.9410449170312503,0.002581839657505043,9.331798589951116e-09,0.0,0.0,0.0,0.0
86,1.433339662421875,0.0009601443397259572,0.00015770052581672646,0.0,0.0,3.0400084152744964e-07,7.543175726303517e-07,1.4422934864062498,0.0009832664338027825,0.00019297549234643767,0.0,0.0,3.7160506620710985e-07,9.265585173245988e-07,1.45261496796875,0.0009831272395967971,0.0001791451398450594,0.0,0.0,2.2382462620364596e-07,5.517584939731139e-07,1.6672853631249998,0.002582772874389775,2.3409384785888826e-07,0.0,0.0,0.0,0.0,3.7499890790625,0.0025818963581696153,1.553382401611653e-08,0.0,0.0,0.0,0.0
87,1.303312331328125,0.000879964508349076,0.00016035979467823077,0.0,0.0,3.2527656052350027e-07,8.080259569730075e-07,1.312102045625,0.0008952008679698338,0.00019491118013851658,0.0,0.0,3.9866261393697567e-07,9.95828170523311e-07,1.322160279375,0.0008925442103354726,0.00018951629597936892,0.0,0.0,2.399302547964666e-07,5.907766756450096e-07,1.5308387700000001,0.0025830569427926094,2.506406569543451e-07,0.0,0.0,0.0,0.0,3.567386546875,0.0025818833336234094,5.3014423805919775e-08,0.0,0.0,0.0,0.0
88,1.1819448658203127,0.0007924799256434199,0.0001641040179546764,4.757408286382754e-46,7.94181991889822e-45,3.487996667793631e-07,8.67516161716344e-07,1.1905386137109375,0.0007998066408908926,0.00020846457104956964,4.021726592612225e-46,7.337056246088035e-45,4.2853717166270207e-07,1.0722575171615625e-06,1.2003084825390626,0.0008019401477431529,0.0001941142661930011,4.90454462513686e-48,1.9053408378876244e-46,2.57751872927292e-07,6.338974817462035e-07,1.402934214609375,0.002583523650187999,2.7237543170918464e-07,0.0,0.0,0.0,0.0,3.392945765625,0.002581917675794102,9.447702496327808e-08,0.0,0.0,0.0,0.0
89,1.0688821351953124,0.0006947481383176637,0.00016844019218713083,9.416725680262771e-46,1.3764747036724336e-44,3.7492314916369887e-07,9.337145533438473e-07,1.0772492776171874,0.0007045234389152029,0.00022399702907294775,6.441940755952808e-33,2.880203166544027e-31,4.6161403223146507e-07,1.1567896362739599e-06,1.0867102614843749,0.0007145202562096528,0.0001902741473777429,1.64652569558166e-46,2.0363204059121e-45,2.774667855621939e-07,6.817506647677213e-07,1.2832241718359374,0.002583627891377546,2.7723632340452215e-07,0.0,0.0,0.0,0.0,3.2263804531249995,0.002582082727458328,7.205170834969863e-08,0.0,0.0,0.0,0.0
90,0.9637737073046876,0.0005910376822503168,0.00017239777052691156,1.3564866993206438e-29,2.0855254629702846e-28,4.0407889286343644e-07,1.0077741855849092e-06,0.9718858059375,0.0006186232250911417,0.00022848834091326813,2.6475429115318185e-29,9.03227458776036e-28,4.98314717881858e-07,1.2506445448436134e-06,0.9810192473046875,0.0006291114081905107,0.0001828800897027169,6.823038525941211e-32,2.2446414099218198e-30,2.993007099325194e-07,7.348473458218652e-07,1.1713664806640625,0.0025830727032152938,2.64663314310031e-07,0.0,0.0,0.0,0.0,3.067409453125,0.0025822000701446086,6.50590437201249e-08,0.0,0.0,0.0,0.0
91,0.8662732972265625,0.0004902210526961426,0.00016927763639597364,5.2409417630041065e-27,1.3367244623482587e-25,4.366987171209842e-07,1.0908211238518958e-06,0.8741043764062499,0.0005374137577528017,0.0002200855972275313,5.92432377184149e-27,1.2824893360142928e-25,5.391780863312474e-07,1.3553397798196714e-06,0.8828926690234374,0.0005442796407478455,0.00017077565815752443,1.6402615690582244e-28,4.1369531462345116e-27,3.235564254220625e-07,7.939300006767566e-07,1.0670246937109376,0.0025711403583409263,2.441202031995867e-07,0.0,0.0,0.0,0.0,2.91575684390625,0.0025826637393329293,7.541075578841854e-08,0.0,0.0,0.0,0.0
92,0.7760378749609375,0.00039500815278006483,0.0001549747900466323,3.047598164586541e-14,7.652503573836186e-13,4.7327775156472063e-07,1.1841421313900566e-06,0.7835669111718749,0.00045145679235065474,0.00020217310987854392,9.481613384496151e-15,2.3600998549945663e-13,5.849295525958186e-07,1.4729974813012314e-06,0.7919930136328125,0.0004596706298834761,0.00015408881718868256,7.288449273448361e-16,3.084255631821266e-14,3.506340556956487e-07,8.598912797254839e-07,0.9698760265234375,0.0023466149950399995,2.7552829028206514e-06,0.0,0.0,0.0,0.0,2.7711520153124996,0.0025818884305190293,8.963692074759743e-08,0.0,0.0,0.0,0.0
93,0.6927286858984375,0.00030825451881901243,0.00013427635125376922,9.568110533950958e-08,2.7210883646541125e-06,5.143497750847865e-07,1.2889090047238717e-06,0.6999396038671876,0.0003587380681765353,0.00017767950439746496,1.57472011893007e-09,6.648290352449243e-08,6.36282394943362e-07,1.605271994343878e-06,0.7079863437109375,0.0003727387041617476,0.00013583145707971262,3.158165406082363e-12,9.165117065769125e-11,3.8101033777726374e-07,9.339047905022157e-07,0.8796230481640624,0.0014993475507362746,7.240082338738764e-06,0.0,0.0,0.0,0.0,2.6333300859375,0.002569612553692423,4.700899203499179e-07,0.0,0.0,0.0,0.0
94,0.616013008359375,0.00022143539060016338,9.036766509277584e-05,4.980520927368297e-06,2.6614125147410375e-05,5.591793162357828e-07,1.3904248123353006e-06,0.6228943760546876,0.0002554059484555182,0.00011754807030824894,6.786970532567835e-06,3.131978079416607e-05,6.943792376436506e-07,1.75582858511467e-06,0.6305463636328125,0.0002820339526351745,0.00011121713692869073,1.2847041465456639e-06,1.0376471322798322e-05,4.1514300318250594e-07,1.0171717788925134e-06,0.7959555502734376,0.000672687593178125,4.123469887368637e-06,0.0,0.0,0.0,0.0,2.5020359921875,0.002475307887769304,3.119333411052182e-06,0.0,0.0,0.0,0.0
95,0.54556345984375,0.000130265068175504,3.6583746077526025e-05,1.3504732154477966e-05,3.706055376917929e-05,5.298973699106484e-07,1.1749819314859957e-06,0.5521060315820313,0.00015012259507238924,4.693435096485716e-05,1.6790333738649438e-05,4.7530197499478496e-05,6.490700133661353e-07,1.5313383676318478e-06,0.55935295328125,0.00017667908838484437,5.455545705610449e-05,1.022342490448791e-05,3.095559114958989e-05,4.327860259673654e-07,1.0229695326346665e-06,0.718528738515625,0.00027149710452067667,1.3051140369655372e-06,0.0,0.0,0.0,0.0,2.377039846875,0.001976559175993316,1.3725124335394456e-05,0.0,0.0,0.0,0.0
96,0.48105934427734376,6.148395395211991e-05,9.597388565423042e-06,1.3508801440093935e-05,2.7934956419951152e-05,3.5707972413803347e-07,7.125311516987787e-07,0.4872544770507813,7.363332513978093e-05,1.2622715916442406e-05,1.5990537215654626e-05,3.657860766641845e-05,4.3348774291812714e-07,9.5115477854811e-07,0.49409238169921876,8.833997164401807e-05,1.6165578087446577e-05,1.147317826148643e-05,2.54492292670101e-05,3.0620182834779135e-07,6.618708604305416e-07,0.6471216939257812,0.00010664231386908796,4.776426759892453e-07,0.0,0.0,0.0,0.0,2.25814165859375,0.0009327843851933722,1.3707581367636918e-05,0.0,0.0,0.0,0.0
97,0.4221831717578125,2.4463698909130473e-05,1.5270051176395901e-06,8.260213503561795e-06,1.6196402610870317e-05,1.6669504983278825e-07,3.324311347536393e-07,0.4280246737109375,3.008641021187941e-05,2.1304904236863274e-06,1.009682577642424e-05,2.183675488376747e-05,2.0875553700097857e-07,4.631869360292549e-07,0.4344519899804687,3.716667844491894e-05,2.9120741591355215e-06,7.274293042837314e-06,1.5767390122594948e-05,1.454012262959454e-07,3.2500943679699574e-07,0.5816296274414062,3.76108524724259e-05,1.489629458730316e-07,0.0,0.0,0.0,0.0,2.1451065799999998,0.00024535569763975217,4.1785943025886404e-06,0.0,0.0,0.0,0.0
98,0.36864011220703125,8.61642625022796e-06,1.6737310151170123e-07,2.743710053968172e-06,5.935186017812773e-06,4.523388941277857e-08,9.909277871621492e-08,0.37412460953125004,1.0852107356186024e-05,1.628784890631337e-07,3.623306305389304e-06,9.087560954847243e-06,6.07489404122309e-08,1.5510818953096767e-07,0.3801442607226563,1.3784228171516588e-05,2.348325576483779e-07,2.3693760066082727e-06,6.178725874214716e-06,3.858879820415058e-08,9.934428225229836e-08,0.5219264820898438,1.3730485001360649e-05,8.063137582780816e-08,0.0,0.0,0.0,0.0,2.037655388515625,5.116636345155712e-05,6.313025637930608e-07,0.0,0.0,0.0,0.0
99,0.32029228786132813,3.3659649419632842e-06,1.276694688248791e-07,2.6148956459921895e-07,7.187821691691091e-07,3.959820856981908e-09,1.0906912571353018e-08,0.3254126164453125,4.284734454245154e-06,1.5938596235293466e-07,4.163582983070248e-07,1.345777174478486e-06,6.3101505530715995e-09,2.044659006379265e-08,0.3310655042578125,5.838424288185706e-06,2.04622599781823e-07,1.9785141420169933e-07,4.522561073191881e-07,2.987631620086182e-09,6.841853517282528e-09,0.46785616193359375,8.624414406313007e-06,2.421786543200294e-08,0.0,0.0,0.0,0.0,1.9355307856250001,1.241993233361427e-05,6.493421616985719e-08,0.0,0.0,0.0,0.0
