level,-nu-0.01_pressure_bar,-nu-0.01_theta_mean,-nu-0.01_theta_std,-nu-0.1_pressure_bar,-nu-0.1_theta_mean,-nu-0.1_theta_std,-nu-1.0_pressure_bar,-nu-1.0_theta_mean,-nu-1.0_theta_std,-nu-10.0_pressure_bar,-nu-10.0_theta_mean,-nu-10.0_theta_std,-nu-50.0_pressure_bar,-nu-50.0_theta_mean,-nu-50.0_theta_std,-nu-100.0_pressure_bar,-nu-100.0_theta_mean,-nu-100.0_theta_std
0,98.583430705,162.03340084838868,0.006914977721548425,98.616533055,162.0178944091797,0.006387414471766129,98.621356495,162.01562678527833,0.005590175239775031,98.920806865,161.87476696014403,0.00039604281625798166,100.79529597999999,161.00743181610108,0.0024888999882952045,102.92236041999999,160.05054615783692,0.0017857649279216358
1,95.778898195,162.22559287261964,0.017067030618268104,95.81105744000001,162.2120917816162,0.015554432686761663,95.815873155,162.22841233062744,0.022075744485646406,96.109226785,162.3600150756836,0.004966797936304769,97.93396149,161.89609128570558,0.0014334282696521342,100.00337149,161.2374418029785,0.0012806936097587156
2,93.03316760999999,162.19934685516358,0.017739585252620982,93.06440877,162.18686135864257,0.01425509782713128,93.069432375,162.21399563598632,0.01570438930800456,93.362997975,162.80542875671387,0.004633503689007873,95.146263,162.77972074890135,0.00034220200064550486,97.164804,162.43002241516112,0.0007553703821927292
3,90.34386619000001,162.1947536468506,0.012429023035724955,90.374259855,162.18809382629394,0.009787975080760647,90.37958216499999,162.2157347717285,0.012313754990313256,90.68040490499999,163.2323525390625,0.004097616365491369,92.430299,163.6583385543823,0.0007822658966699233,94.40444099999999,163.6282964477539,0.000210458865907119
4,87.710430585,162.1837606124878,0.011529481678045662,87.7400499,162.17824224090577,0.009886224309121602,87.745664365,162.20708208465575,0.012580464368493282,88.05999049,163.64341219329833,0.005116334270680511,89.78422699999999,164.5319784927368,0.0019408580599092127,91.7201225,164.83228588104248,0.0003576358234792375
5,85.132174255,162.1808882751465,0.009269823368690512,85.16105732000001,162.1769150314331,0.008839790779982992,85.166965085,162.20602756500244,0.011742661568422274,85.500370365,164.03957791900635,0.005116789813225516,87.20625199999999,165.40069342041016,0.0031355766655435952,89.1097555,166.04200286865233,0.0009399475989199666
6,82.6084587025,162.17732242584228,0.008372440223139488,82.636640795,162.17356285858153,0.008393718378632165,82.64282208,162.20273024749756,0.01154007232025753,83.0002116,164.4212554321289,0.004873396286258121,84.69464199999999,166.2645436782837,0.004360999431135065,86.5713035,167.25747604370116,0.0015449361918035602
7,80.1386049575,162.17579387664796,0.007671308341747224,80.1660994225,162.17261531066896,0.007832933269183962,80.17254276999999,162.20149925231934,0.011176424589966401,80.5582276475,164.7889922103882,0.005382044285645264,82.247709,167.12360665893556,0.005617812278196713,84.1027885,168.47872924804688,0.0021712243491443625
8,77.721924745,162.17426647186278,0.007142779102902207,77.7487568,162.17113949584962,0.007512901470492554,77.7554385875,162.19956874847412,0.011197415614127355,78.17317052749999,165.14275576019287,0.00581558363815911,79.86381675,167.97797074127197,0.006907063657381096,81.702288,169.70578994750977,0.002816436330096312
9,75.35773823,162.1731993637085,0.0068255034219320216,75.38391446499999,162.1704235839844,0.007223991835721504,75.390821585,162.1983487930298,0.011114031310046327,75.84383427,165.48344486236573,0.006383007056184477,77.5413775,168.8277424621582,0.008225056235429067,79.367935,170.93869094848634,0.0034824871728640575
10,73.04535804999999,162.17214459228515,0.00712803325428886,73.0708891075,162.16949446868895,0.007270133794577824,73.07800262,162.19706275177003,0.010772100449792958,73.5690558725,165.81174495697022,0.007507676305403738,75.27885175,169.6730418548584,0.009574717037979786,77.0979145,172.17746963500977,0.004170504455049651
11,70.784096265,162.17131660461425,0.007345513555868767,70.8089961675,162.16871366882324,0.00735432414310978,70.8162994025,162.1961664352417,0.010122046373633316,71.34770903,166.12818799591065,0.007750261714825704,73.0747405,170.5140002746582,0.010951371715102366,74.8904635,173.42216262817382,0.004876777435987266
12,68.57327306750001,162.1705198287964,0.007385307175369304,68.5975517675,162.16797246551513,0.007594400783575314,68.6050331425,162.19545377349854,0.00960437516020624,69.1787091675,166.43367432403565,0.007689732698914127,70.927594,171.35076377105713,0.012357637054596532,72.74386975,174.6728141784668,0.005605680122361123
13,66.4122100175,162.16987243652343,0.007353426447045176,66.4358786075,162.1674119720459,0.007752291175456203,66.443520665,162.19481759643554,0.009203719700903288,67.06100171749999,166.72876529693605,0.00888237349278789,68.83599775,172.18349199676513,0.013790032799150401,70.65646625,175.92947311401366,0.006352969797516002
14,64.30023,162.16938146972657,0.0071412411856649075,64.3232981,162.16679341888428,0.007724962702616798,64.3310886625,162.19420432281495,0.008969441671132096,64.9935682125,167.01372276306154,0.009574119990102383,66.79858349999999,173.0123540802002,0.015247470298643314,68.62663625,177.19219055175782,0.007121632405476596
15,62.23666041,162.16895063781737,0.007044738279445042,62.2591365325,162.16598944854735,0.0076847674636197705,62.2670626975,162.19383917999266,0.008897497417270155,62.975414747500004,167.28933849334717,0.009478922924739522,64.81401825,173.83753424072265,0.016732110619168603,66.65280625,178.4610168457031,0.007910597753566015
16,60.22082845,162.1682967605591,0.00705559689228711,60.242722317500004,162.1651375427246,0.007696945062700131,60.2507729575,162.19352743530274,0.008785884690700546,61.005582347499995,167.55628106689454,0.010523759258476517,62.881008,174.65923160552978,0.018238043996679512,64.73344900000001,179.73601303100585,0.008718818227770599
17,58.2520652775,162.167569732666,0.007154786566682954,58.27338798499999,162.16442180633544,0.007785079575256371,58.281550645,162.19320625305176,0.008810278872149132,59.083137505,167.8150560760498,0.011684109259608392,60.998297047499996,175.47765788269044,0.0197697750974164,62.867078,181.01724320220947,0.009548419072637038
18,56.329705492500004,162.1670429763794,0.0071772393002000395,56.350467255,162.16386023712158,0.007841826028813453,56.3587318475,162.19282637023926,0.00908274642936906,57.20716794,168.06631497192382,0.011662400733677919,59.164661022500006,176.2930294494629,0.02132251231451456,61.052251749999996,182.3047773284912,0.010396931147115178
19,54.45308853,162.1666452484131,0.007131666681593803,54.4732981325,162.16341635894776,0.007810888826556965,54.48165373,162.1923824234009,0.009423118016682712,55.3767809675,168.3108434829712,0.012042166948169373,57.37891225,177.1055802001953,0.02289538605133501,59.287563250000005,183.5986831588745,0.011264266043570406
20,52.62155534,162.16625173187256,0.007202238636708769,52.6412225,162.1631191329956,0.007833889955617464,52.64965887,162.1919969100952,0.009759985023614196,53.59109545,168.54981815338135,0.014201749713918872,55.6398955,177.91555633544922,0.024491223899238274,57.571652,184.8990364074707,0.012153339442486725
21,50.834449545,162.16582501220702,0.007328689370073913,50.853584007500004,162.16285654449462,0.00798682727408572,50.8620912275,162.19176293945313,0.00987770533841991,51.849243995,168.78332564544678,0.017081375978108947,53.94648599999999,178.72320887756348,0.026103450126753976,55.90319025,186.20591888427734,0.013060929739462964
22,49.0911158875,162.16543521118163,0.0075410152281296956,49.1097305575,162.16242693328857,0.00825315466670729,49.118298625,162.19150652313232,0.009767280806449171,50.150373435000006,169.01205098724364,0.020294533169913254,52.2975905,179.52880690002442,0.02773412983778855,54.28089125,187.5194175720215,0.013985182112672856
23,47.3909070125,162.16504224395752,0.007948670857931855,47.409011262499995,162.16191637420656,0.008657051832699098,47.4176317425,162.191206489563,0.009720011628941636,48.493663895,169.23567604064942,0.02285752570551041,50.69214425,180.33262159729003,0.02938247940250316,52.70349975,188.8396224975586,0.014932993081630392
24,45.73317692,162.16448854064942,0.008437272301099915,45.7507811475,162.16148421478272,0.009056330247919736,45.759444325000004,162.19092155456542,0.009719095758177917,46.878316950000006,169.4535552444458,0.022985750973528916,49.1291125,181.13493923950196,0.031044061041933087,51.16979875,190.16662449645997,0.015898553510359497
25,44.1172811275,162.16386516571046,0.008795373755916252,44.1343970225,162.16115575408935,0.009340795789973462,44.1430936125,162.1906967163086,0.009522370700664874,45.30356532,169.66706663513185,0.02237887567767063,47.607485999999994,181.93605533599853,0.03272257095679395,49.67860275,191.50052796173097,0.0168785007992164
26,42.542580677500005,162.16321938323975,0.00903385011482103,42.559218345,162.16081985473633,0.009598746681789602,42.56793971,162.1904538192749,0.009303825671182217,43.7686745875,169.87671696472168,0.025267963796290344,46.12628175,182.7362714767456,0.034413194014333966,48.2287625,192.84143447875977,0.017877767881961572
27,41.00843854,162.16271012878417,0.00929800950968585,41.024609148749995,162.16037453460694,0.010012381795249386,41.0333466175,162.19016536712647,0.009417796248941023,42.2729229125,170.08300158691407,0.03055772880065558,44.684546749999996,183.535897064209,0.036115699812348655,46.8191575,194.18945388793946,0.018896032714251325
28,39.5142230875,162.16235558319093,0.009508226935773124,39.52993563625,162.15988192749023,0.010488121258769186,39.53867936625,162.18998023223878,0.00991620484221628,40.8155648275,170.284842628479,0.03649064987077094,43.2813457325,184.33525531005859,0.03783107738252445,45.448699749999996,195.5446990966797,0.019931299537495156
29,38.05930259625,162.16205711364745,0.009731448204805239,38.074567155,162.15948880004882,0.0108686481823976,38.08330988125,162.1899277267456,0.01067755318942612,39.39581324875,170.48225033569335,0.04385484773839504,41.91577125,185.13467177581788,0.039556576456863946,44.11633,196.9072936706543,0.02098163156333518
30,36.64305353,162.16171160125734,0.00986905084784391,36.657878672500004,162.15908240509034,0.011147899542818843,36.666612125,162.18989279937745,0.011501166191524857,38.01290129375,170.67389489746094,0.05012765033128556,40.58693907625,185.93447867584229,0.04128791079495465,42.8210180525,198.27735595703126,0.022049985339935397
31,35.26485026125,162.1613610458374,0.009904838061805523,35.27924531625,162.15856999969483,0.011370470883360828,35.287961851249996,162.1897304611206,0.01214538474628817,36.666133405,170.85877349090578,0.050632255973164196,39.2939855,186.73502229309082,0.04303433365490719,41.56176575,199.6550163269043,0.02313592690215809
32,33.924073776250005,162.1609368209839,0.009971473328769685,33.93804676875,162.1579987258911,0.011435632636953888,33.94673966375,162.1894235610962,0.012501249126086422,35.354865090000004,171.03971561431885,0.04725296400058023,38.036068625,187.53664385223388,0.04478129534627922,40.3375975,201.0404136657715,0.024234104900892492
33,32.62010606875,162.16041651153566,0.010082019594776665,32.633667095,162.15751531219482,0.011580086116219312,32.64232729125,162.18907588195802,0.012684271745699912,34.07846063,171.21783450317383,0.04431839815777709,36.812368375,188.33970017242433,0.046534703216034624,39.1475675,202.43368258666993,0.025345689433795157
34,31.35233542,162.15988108062743,0.010206778014868672,31.365493921249996,162.157182472229,0.011984513401513847,31.3741151925,162.18874995422362,0.012701413248649344,32.836242585,171.39305344390868,0.04653995652504785,35.622082125,189.14455138397216,0.04829555765518022,37.9907545,203.83496704101563,0.02647353219711792
35,30.120151701250002,162.15930567932128,0.010628992745111239,30.13291794375,162.15686473846435,0.012550455090367856,30.141492415,162.18845291137694,0.012644405299952373,31.627524538750002,171.56009027099608,0.055088824559047976,34.464428375,189.95156101226806,0.05005929731333794,36.866263125,205.24441528320312,0.027617224567825498
36,28.92294837625,162.15871742248535,0.011135879708684739,28.935331753750003,162.15650428009033,0.012893446356523976,28.943853905,162.1882197189331,0.01265056043137134,30.4516497925,171.70911198425293,0.058419790953407484,33.338643624999996,190.76109484100343,0.05182801771647839,35.773222125,206.66219253540038,0.028772891468547064
37,27.760124180000002,162.15823364257812,0.011731779097493471,27.77213437125,162.15611303710938,0.013175514734138815,27.780596770000002,162.18802194976806,0.01278389102566907,29.30801381125,171.8400916519165,0.051879376682141286,32.243982625,191.57352891540526,0.05359550010394273,34.710784,208.08844375610352,0.02993881693209883
38,26.63107982625,162.15775706481935,0.012382011161175934,26.642724792499997,162.15570525360107,0.01361533677263931,26.65112297625,162.18781120300292,0.012928982141498013,28.1960297775,171.95553019714356,0.04203157091735871,31.179716625,192.38923859405517,0.05536434563206915,33.678124125000004,209.52334518432616,0.03112021723738742
39,25.535219647499996,162.15715255737305,0.01322310336443828,25.546508442500002,162.1553243789673,0.013961416636921409,25.55483534375,162.18763648986817,0.013250858801568954,27.115096434999998,172.05499977874757,0.0348723328044112,30.145134375,193.20860090637208,0.05713469878573284,32.674441125,210.9670555114746,0.032310616620192065
40,24.471951851249997,162.15654885101318,0.014283150819801,24.482892127499998,162.15501259613038,0.014210894459300814,24.4911438,162.18738815307617,0.013676030362832775,26.064576645,172.13726303863524,0.03104659972320853,29.1395405,194.032002243042,0.058904159707860435,31.698953624999998,212.41975936889648,0.03351477898232134
41,23.440686175000003,162.1560334777832,0.015393405867455398,23.45128744625,162.15489765167237,0.014563223090631025,23.459458842500002,162.18701165008545,0.014072195694884574,25.04381228625,172.19997715759277,0.029507250494868107,28.162255125,194.85982583618164,0.060671654210708456,30.750903625,213.8816276550293,0.03472541739443207
42,22.44084017125,162.15549130249025,0.0161134597646766,22.451111182499996,162.15496361541747,0.015296454190623369,22.45919438625,162.18660268402098,0.014589183962393526,24.052157478749997,172.24355502319335,0.028895037057872785,27.2126135,195.6924582824707,0.0624351625060072,29.82955125,215.35285415649415,0.0359465143554138
43,21.47183040625,162.15484513092042,0.016669614506829196,21.481779907499998,162.15496189880372,0.015559738244337882,21.489770862500002,162.18632873535157,0.015353790467632262,23.0890104275,172.27137976074218,0.028381546180867537,26.289966375000002,196.5302914505005,0.06419700855344736,28.934178375,216.83361740112304,0.037174624398336686
44,20.533080249375,162.15415720367432,0.017505940553915668,20.542717156875,162.15489889526367,0.015161698985654485,20.5506093275,162.18622265625,0.016182207996997783,22.15381375125,172.28821712493897,0.028541487433887344,25.393677375,197.3737070236206,0.06595675860093138,28.064086,218.32411880493163,0.038413317154336
45,19.624014785625,162.1535666809082,0.018560250575694052,19.633349273125,162.1547610321045,0.014841647575202966,19.641137786875,162.1861082611084,0.016780644273119396,21.24604160875,172.29896128845215,0.02946123110778873,24.52312475,198.22310397338867,0.06770636929499331,27.2185925,219.8245506286621,0.03965690229841499
46,18.74406608125,162.15311282348634,0.01971590302003747,18.75310525125,162.15455283355712,0.014949887287549342,18.76078600875,162.18594094848632,0.017442871936207232,20.365190609375002,172.30567636108398,0.03147077734151034,23.677699875,199.07886511993408,0.06945395003598813,26.39703575,221.33512386322022,0.04090868005014037
47,17.892667576875,162.15264528656004,0.021056235151356902,17.9014182225,162.15439495849608,0.015764366135086763,17.90898658375,162.18564240264894,0.018295949913696125,19.5107685675,172.30881832885743,0.033484341442303944,22.85680625,199.9413815689087,0.07119335194009199,25.598771375000002,222.85603790283204,0.04216439182156597
48,17.069255786875,162.1522044067383,0.02218401029428803,17.077725610625002,162.1543963470459,0.016848642553311893,17.085175663125,162.18540464019776,0.019472272818798205,18.682287445625,172.3086686630249,0.034437989904283026,22.05986127625,200.81103813171387,0.07292522451207596,24.823171375,224.38751220703125,0.04342345510449625
49,16.273271490625,162.15174410247803,0.023312324873414073,16.281466886875002,162.15456121063232,0.01776547974849449,16.288794791875,162.18531871032715,0.020745642660685057,17.879260223125,172.30599340057373,0.03465663737832331,21.286293875000002,201.68822633361816,0.07464948648634308,24.069625125,225.92975463867188,0.044685968672084145
50,15.504160099375001,162.15157614135742,0.0247454819116436,15.512088648125001,162.15490599060058,0.01845313899966087,15.519288898125,162.18529738616942,0.022057352605498553,17.1012028525,172.30147022247314,0.03508281533913768,20.5355438775,202.5733219528198,0.07636527480833837,23.337538624999997,227.48299030303954,0.04595187467293423
51,14.76136981375,162.15168872070313,0.026146174161505074,14.769037525,162.155419631958,0.019467903116198292,14.7761056475,162.18506992340087,0.02336476876604867,16.34763592875,172.29664199829102,0.03601823489618334,19.8070641225,203.46671157836914,0.0780716775180026,22.626332374999997,229.0474433288574,0.04722236919088039
52,14.044353818125,162.1518418045044,0.027230291221478988,14.0517672575,162.15581739044188,0.02095796394665587,14.058698680000001,162.18495371246337,0.02441724884458466,15.618089933124999,172.29299133300782,0.03695093234091573,19.10031687625,204.36877018737792,0.07976846727342674,21.93544375,230.62333634948732,0.048487176398300524
53,13.35256786,162.15156550598144,0.028872039036993525,13.35973314375,162.15574661254882,0.023081183612226157,13.366522430624999,162.18486789703368,0.02548344172463698,14.912101593125,172.29070265197754,0.037844689698178946,18.414777003125,205.27986756134032,0.08145530932223476,21.264324,232.2109045791626,0.049756607177077306
54,12.6854709775,162.1513556213379,0.032136298677930955,12.692393917499999,162.15596635437012,0.02628469033358664,12.6990381075,162.1848465423584,0.028558791750444543,14.22921296375,172.290020401001,0.03778954380208479,17.749928496875,206.20037700653077,0.08313060440885144,20.612439360625,233.81037676239015,0.05102187068435719
55,12.042527353125001,162.15098764801024,0.037094191972843485,12.049213876875001,162.15614153289795,0.0300589492043134,12.055705940000001,162.18452143859864,0.03339664659658929,13.568970973749998,172.2914222793579,0.03651552940036815,17.10526625125,207.13065100860595,0.08479433828622777,19.979269438125,235.4220022506714,0.05228567643017208
56,11.423204781875,162.15138573455812,0.04213352187109797,11.429661202499998,162.15694523620604,0.03419328798763031,11.4359945275,162.18489209747315,0.0376784204112753,12.930924647500001,172.29375246429444,0.03609827021713065,16.480294774375,208.07106577301025,0.08644604527146518,19.3643086875,237.04599646759033,0.05354437361142879
57,10.826971908125,162.14962106323242,0.04645241291085254,10.83320386625,162.1560962677002,0.03841972197372766,10.839372735,162.1831302871704,0.0416741737464274,12.314621850624999,172.2957654800415,0.0372035695434849,15.87452897625,209.02203937530518,0.08808550265296812,18.7670639875,238.6826298904419,0.0547998651872034
58,10.25330550375,162.15101100921632,0.05266349415618897,10.2593185740625,162.15689153289796,0.046011462343634214,10.265312450625,162.1829542388916,0.04927896471330177,11.719609109375,172.29719290161134,0.03950055854751079,15.287492858750001,209.9837825164795,0.0897143813139496,18.18705556625,240.33215255737304,0.056049154072674266
59,9.701668794062499,162.14417080688477,0.06096575950994616,9.70747310875,162.14862644958495,0.05577109072978112,9.713284523437501,162.17320082855224,0.06137251836648566,11.145435090625,172.2994097061157,0.042615299905271735,14.718718324374999,210.95674531555176,0.09133749473469131,17.623815834375,241.9947605819702,0.057294145856951466
60,9.171533711875,162.14479634094238,0.08101420576084417,9.1771432725,162.14225773620606,0.08143446107025548,9.1827685790625,162.1676314315796,0.08596126983582884,10.591652904375,172.30263836669923,0.0455435324271108,14.167748651875,211.9408967285156,0.09293599245878002,17.076890245,243.67080645751952,0.05853473074371427
61,8.662336561875,162.13465630340576,0.1259056799144336,8.66781616375,162.1237835083008,0.13417961713771698,8.6732522328125,162.14583738708495,0.13975123367280504,10.0578191528125,172.30463651275636,0.04734240968176743,13.634135485,212.93705379486084,0.09452837060931872,16.545835051875,245.36051639556885,0.05975152797358375
62,8.1738063775,162.02807586669923,0.20035688583701272,8.1794214740625,162.05508386230468,0.21832777557933838,8.184672235312501,162.0716968383789,0.22896964833844752,9.543493776875,172.3041971435547,0.04822394543151281,13.11743640375,213.9453129272461,0.0961037819717092,16.030219376875,247.06396730804443,0.06096553758382364
63,7.7062161125,161.63872493743895,0.24344597037998356,7.712323415625,161.81812063598633,0.2990200046762117,7.7174710821875,161.8540017852783,0.35895188678803003,9.048241021875,172.3018001022339,0.04810883629138466,12.617218663125001,214.96598628997802,0.09765468007195956,15.52962361,248.78137900543214,0.06216824501369337
64,7.259376331874999,161.11843420410156,0.2558763665895273,7.266106143125,161.2882451171875,0.30869588732234177,7.2712724721874995,161.33526554870605,0.3817411658534228,8.571627509375,172.2987601776123,0.04575317370698767,12.13306140375,215.99859057617186,0.09920050907499414,15.043636910625,250.51367390441894,0.06336455742828988
65,6.832243220625,160.59857064056396,0.25121141264447344,6.839504506250001,160.71390380859376,0.2433863443634054,6.844704115000001,160.750467918396,0.30696358325367007,8.113219836875,172.2930486907959,0.04359485230688411,11.664560651875002,217.0425238571167,0.10073973981374071,14.57185722,252.26095128631593,0.06454461527356987
66,6.4238038925000005,160.24732083892823,0.2236827133297871,6.4314701040625,160.30523468780518,0.2049099681760374,6.4366623653124995,160.33571906280517,0.23966228183575056,7.67258238625,172.2755657196045,0.04675640471861731,11.211336845,218.09484811401367,0.10230115708174183,14.113897505625,254.0225634536743,0.06570250197233435
67,6.033417850625001,160.01989359283448,0.1977722497687205,6.0413436215625005,160.06532273864747,0.18009177140590382,6.0464934503125,160.08079605865478,0.19300980945477803,7.249272145625,172.23187686920167,0.05833857142558299,10.77306058375,219.14771854400635,0.10394590722217034,13.6693901225,255.79704895019532,0.06685084062503677
68,5.660571935,159.84741734313965,0.18611754529076324,5.668670784375,159.91647827148438,0.1638010219828358,5.673747830000001,159.92114413452148,0.16522018592682508,6.842862898125,172.14550786590576,0.07863628773536528,10.3495199771875,220.1800489578247,0.10590006394553625,13.2380001875,257.5793775482178,0.06800532880823706
69,5.304752993125001,159.69743743133546,0.16661322312028912,5.313002563125,159.80690967559815,0.15691967825658304,5.31796584375,159.82016201019286,0.14056366727849143,6.4531895015625,172.01989806365967,0.1381126032994689,9.940713800625,221.14892597961426,0.10814518529325667,12.819468562499999,259.35414680480955,0.06920535474698945
70,4.96544173484375,159.57933350372315,0.14167795399577718,4.97383260125,159.7282734375,0.14916530833517372,4.97865244765625,159.76130504608153,0.1231369811414754,6.0805280943749995,171.6553318939209,0.24433601184257944,9.546659418125,222.0689804763794,0.11008587378561087,12.413721875,261.0774958190918,0.07054740587479774
71,4.6421085956249994,159.51013145446777,0.11761807210183121,4.65062190875,159.67471411132811,0.13566750768581806,4.6552881965625,159.7307142944336,0.11338964944233602,5.724802553125,170.9109742126465,0.4032051562666555,9.1670259278125,222.9904287338257,0.11156671829810594,12.020860625,262.7220298309326,0.0717718596750693
72,4.334234725781251,159.4736884918213,0.09812370021553807,4.34283291828125,159.64218981933593,0.1194851402224632,4.347357488125,159.7135254058838,0.10816175761096906,5.385122011562499,170.23117127990722,0.3452613791361847,8.801105624375,223.9715737686157,0.11220375269564418,11.640802134374999,264.3450240631104,0.07278154847963889
73,4.041312438125,159.4540751953125,0.08450536716244084,4.049958179375,159.62651377105712,0.10711478861423433,4.05435437296875,159.7053471069336,0.10616862649301391,5.06041235640625,169.82828914642334,0.23072054440740197,8.448090484375001,225.01463619232177,0.11318851336262824,11.273102433124999,265.994413772583,0.07366595099338931
74,3.76285888734375,159.44156246185304,0.07639432898592466,3.77151956421875,159.61775758361816,0.09864938874237969,3.77579776078125,159.7032294845581,0.11109196758848568,4.74997567578125,169.56598265838622,0.1712362420016298,8.10739933,226.06757639312744,0.11443347203887606,10.917164,267.6863176727295,0.07452542195981765
75,3.49841418828125,159.43107266235353,0.0732831441658809,3.5070589325,159.61173933410643,0.09480029559444153,3.51122650546875,159.70443824005127,0.11790135885751597,4.4535196796875,169.38283436584473,0.15288495165102733,7.7786821703125,227.1181840057373,0.11592009602853898,10.5724240625,269.41402793884276,0.07539491337937657
76,3.24753297578125,159.42284214019776,0.07371745644337192,3.25613448109375,159.60862706756592,0.09546747240909156,3.2601952159375,159.70765676116943,0.12375538288513023,4.170780194843751,169.2485392150879,0.14543470715296844,7.461622946562501,228.16540408325196,0.11725843735950445,10.23840434375,271.17028164672854,0.0762478259499198
77,3.0097805271875004,159.4162216949463,0.07469618133215868,3.01831504640625,159.60726993560792,0.09927105074953836,3.0222714357812497,159.71118894958497,0.12784541308874728,3.9013348025,169.16489697265624,0.11843762245215142,7.1558631653125,229.22659994506836,0.11843010237302111,9.914680593749999,272.955743347168,0.07706100075300076
78,2.7847321026562497,159.41096186065673,0.07521671239460272,2.7931769409375,159.6061432647705,0.1041032045715008,2.797030901875,159.71436766815185,0.13057523320273753,3.64469154359375,169.12264543151855,0.08645892419611832,6.86097615375,230.3238494873047,0.11946788012448012,9.60085246875,274.7737978363037,0.07783768794519205
79,2.57196899484375,159.40657293701173,0.07749048803738645,2.580303653671875,159.6057512283325,0.10731096961468645,2.584056073359375,159.71746482849122,0.1326562538382995,3.400395224375,169.10201805877685,0.06817472394084284,6.5765191228125,231.45961181640624,0.12053729923681936,9.296543749687501,276.62448056030274,0.07858961425288111
80,2.37107852421875,159.4029735183716,0.08219910262974224,2.379284920390625,159.6068494949341,0.11111545008508417,2.38293595625,159.72034654235839,0.13392441029898308,3.16804537421875,169.09080611419677,0.05734171330655488,6.3020978506250005,232.62422271728516,0.1217215958664361,9.00141078125,278.5052892303467,0.07931642524888652
81,2.181654120546875,159.39864740753174,0.08477488514590512,2.189715206015625,159.6100040588379,0.11848970114036135,2.193263076640625,159.72337716674804,0.13486795467425572,2.9472720012499996,169.0837742843628,0.051365139880787856,6.037367341562501,233.81299169921874,0.12288748836995553,8.715140875,280.413761138916,0.08001496323015353
82,2.0032936483593753,159.3941185836792,0.08458618614924844,2.01119468296875,159.6145654296875,0.12734971115630891,2.01463631109375,159.72708275604248,0.13648164436413454,2.7377153454687497,169.07683721160888,0.048525770691438035,5.7820111428125,235.02509936523438,0.12413956554622747,8.437446375,282.348158493042,0.08068093795414139
83,1.835600327421875,159.3907866897583,0.08374202756614398,1.8433274924999998,159.61900650787354,0.1352909312622016,1.84665892203125,159.73118856811524,0.13858275060008723,2.539022898515625,169.06979146575927,0.04736218478476679,5.535738004062501,236.2534121017456,0.12538526188094615,8.168059187499999,284.3070742797852,0.08131112313820603
84,1.6781824575781248,159.38918800354003,0.08262458348448644,1.6857210962500002,159.6230499420166,0.1424473104257892,1.68894024484375,159.7359282989502,0.14095371745146,2.35084819375,169.0631579437256,0.046684800258159846,5.298278411875001,237.49431561279297,0.12662384624600753,7.90672690625,286.2891798706055,0.08190313093636588
85,1.53065332640625,159.38885890960694,0.08150048645795092,1.5379892816406249,159.627447265625,0.1489117252951668,1.54109420640625,159.7416801147461,0.14419464125852002,2.172849271171875,169.05745375061036,0.04649397376394257,5.0693747810937495,238.74604662322997,0.12786532133918393,7.653210906249999,288.2932997131348,0.08245524203898537
86,1.392630221015625,159.38897855377198,0.08158275735919558,1.399751158828125,159.6328836669922,0.15479799288859677,1.4027405483593751,159.74801986694337,0.14768014488776932,2.004688429609375,169.05168759918212,0.04672013292215873,4.8487783946875,240.00576099395752,0.1291180924232121,7.40728375,290.318458404541,0.08296389032564731
87,1.263735805,159.390143699646,0.08306602447330566,1.2706317131640625,159.63920600128174,0.161156021592071,1.2735038230859375,159.75386486816407,0.15018806511889576,1.846031877734375,169.04562857818604,0.047032073239845866,4.63625421953125,241.26744281005858,0.1304160422628364,7.1687274375,292.3638645629883,0.08342746174852723
88,1.1435978341796875,159.39104594421386,0.08707644523539873,1.1502602875390626,159.64689597320557,0.1686937326385431,1.1530135413671876,159.75951010894775,0.15266470317360134,1.6965493125,169.03995999908446,0.04768614522756046,4.431592575,242.51641352844237,0.1318023287413707,6.937332156249999,294.42886808776854,0.08384203708478036
89,1.03184908234375,159.39292414093018,0.09199720449981946,1.0382711533984375,159.65496926879882,0.1760678319668201,1.0409040942578125,159.76666790008545,0.1557345508786634,1.555915362109375,169.03430173492433,0.04819954759329666,4.234594796875,243.7526170654297,0.13302693515472463,6.7128951875,296.512947845459,0.08420773918529524
90,0.92812743078125,159.39153100585938,0.09944852192832308,0.9343027974609375,159.6633586730957,0.18438276671696738,0.9368161632812501,159.7773792037964,0.1635800803706032,1.423808634375,169.03007682037352,0.05017999352992775,4.04502526734375,245.00264813232423,0.13407696303481875,6.49521996875,298.61568852233887,0.08452141495374955
91,0.83207758703125,159.39726487731934,0.10577477122770623,0.8379987349609375,159.6685566177368,0.1882841012545772,0.8403951160546875,159.79100804901123,0.17438158763312167,1.2999120640234376,169.02553408050537,0.05269630737497042,3.86260829125,246.28150576782227,0.13516825385648662,6.28411571875,300.73672970581055,0.08478130537636042
92,0.743347960625,159.38815045928956,0.10857406654487889,0.74900961578125,159.67426235961915,0.191529659925579,0.7512916607421876,159.80508535003662,0.18627774644415052,1.1839120354296875,169.02293951416016,0.05671640493588296,3.6870811878125003,247.57479205322267,0.13636464807878557,6.079396875,302.8758421783447,0.08498529064177242
93,0.6616044206640624,159.3580295944214,0.11231536634482035,0.666993257421875,159.6779214782715,0.20252417369901798,0.6691612239843749,159.81485469818116,0.201449389252497,1.0754989153125,169.01651091003419,0.06173991013071682,3.51821217875,248.87427202606202,0.13760017615692507,5.880883000000001,305.03270945739746,0.08513361619307028
94,0.5865163178515624,159.33093856048583,0.12271166705755793,0.5916134825390625,159.68918968200683,0.22024094827634294,0.5936644286523438,159.82508920288086,0.21807782330378406,0.974366859296875,169.01407814788817,0.07267000388357865,3.355784609375,250.17639410400392,0.13886602149169378,5.6883983125,307.2067809906006,0.08522499418067843
95,0.5177336373828125,159.28956607055665,0.1311321597055322,0.5225322311523437,159.67325989532472,0.24560964725986856,0.5244596834374999,159.7925308380127,0.23142823865712786,0.880207341796875,168.98163856506346,0.08276144687758404,3.19958990625,251.47849784088135,0.14016525913001768,5.5017743125,309.39532850646975,0.08526059952468366
96,0.45491438769531245,159.2691230316162,0.13853100935287396,0.4594185511132813,159.6784942703247,0.281270036618501,0.4612165942578125,159.78374665832519,0.25352534279055594,0.7927220732421875,168.96470694732665,0.10294313052137787,3.049537578125,253.16433347320557,0.1409707556010937,5.32090146875,311.7195751953125,0.08519079224913884
97,0.39773781660156254,159.2591321182251,0.16488631122876404,0.4019558401953125,159.69942192840577,0.3383661165108069,0.40362330466796875,159.79986042785646,0.29508322400508086,0.7116257988281249,168.9551584701538,0.1323330127962906,2.9056431093749997,255.27242789459228,0.1411905989165971,5.145763626875,314.1343088378906,0.08498205953322067
98,0.34589308755859377,159.28721800231935,0.2021963242700514,0.3498352475976563,159.76872829437255,0.4141858100512771,0.3513773983984375,159.88587823486327,0.3701089414659775,0.6366736483203125,169.07789279937745,0.2049257175380533,2.7679110039062502,257.84541189575197,0.14072095462646178,4.976321984375,316.7095386199951,0.08449659976986791
99,0.2991428585839844,159.8381296386719,0.5417136118009622,0.3028488977734375,160.55821404266356,0.7567588781446063,0.3042949600976563,160.84685047912598,0.711038913529863,0.5678057183203126,170.14092654418945,0.4249867418650523,2.6363388337499996,260.92428605651855,0.13943411992591934,4.81242008875,319.54942304992676,0.08387626877605453
