level,-nu-0.01_pressure_bar,-nu-0.01_H2S_mean,-nu-0.01_H2S_std,-nu-0.01_NH4SH_s__mean,-nu-0.01_NH4SH_s__std,-nu-0.01_NH4SH_s_p__mean,-nu-0.01_NH4SH_s_p__std,-nu-0.1_pressure_bar,-nu-0.1_H2S_mean,-nu-0.1_H2S_std,-nu-0.1_NH4SH_s__mean,-nu-0.1_NH4SH_s__std,-nu-0.1_NH4SH_s_p__mean,-nu-0.1_NH4SH_s_p__std,-nu-1.0_pressure_bar,-nu-1.0_H2S_mean,-nu-1.0_H2S_std,-nu-1.0_NH4SH_s__mean,-nu-1.0_NH4SH_s__std,-nu-1.0_NH4SH_s_p__mean,-nu-1.0_NH4SH_s_p__std
0,98.62439433864999,0.00015772325775302308,1.0511612016924596e-06,0.0,0.0,1.3408442671024601e-39,2.48475954334175e-38,98.62449995695,0.00015768310785970244,9.453391398757346e-07,0.0,0.0,1.7798050571263624e-39,1.4030426163187614e-37,98.6244772742,0.00015765735410015622,1.0430891354616223e-06,0.0,0.0,1.909701855725143e-39,7.634004834103211e-38
1,95.8184104972,0.00021518361349371845,1.82947014527391e-05,0.0,0.0,1.1307121382002996e-38,2.093240697907328e-37,95.81851741295,0.0002125621204359777,1.6988389629862388e-05,0.0,0.0,1.492277956509396e-38,1.1650559368692212e-36,95.81863475915,0.00022905771152414672,2.1313258066448857e-05,0.0,0.0,1.6103686730783267e-38,6.414005116662754e-37
2,93.07152128359999,0.00023080444307131985,1.7201966614971056e-05,0.0,0.0,1.0459014935786182e-37,1.9209009782651172e-36,93.07163114724999,0.00022750011283183995,1.5406889101787935e-05,0.0,0.0,1.3697742587113563e-37,1.0530382844539384e-35,93.0720898466,0.0002526708053309994,2.0252935536060237e-05,0.0,0.0,1.4882572438674156e-37,5.836751369275421e-36
3,90.38122736940001,0.0002367858168698149,1.7032280722934938e-05,0.0,0.0,9.507078336711779e-37,1.7228196416120933e-35,90.3813312883,0.00023322809963596228,1.5013660858327404e-05,0.0,0.0,1.2321661809748088e-36,9.274534215883203e-35,90.38217442445,0.0002622834811940993,2.043274641057518e-05,0.0,0.0,1.3507581961460681e-36,5.16750283458995e-35
4,87.74684891310001,0.00024011349474800227,1.7311601626654156e-05,0.0,0.0,8.492849289411665e-36,1.5100048861560394e-34,87.7469379071,0.00023645726413480588,1.519107472028387e-05,0.0,0.0,1.0863492028991944e-35,7.957499051582549e-34,87.74814252315,0.00026782824178917506,2.1193665819742123e-05,0.0,0.0,1.2045205215022914e-35,4.452380830357595e-34
5,85.16770108610001,0.0002423648158879223,1.7743629343756402e-05,0.0,0.0,7.453530336742013e-35,1.2928809525376727e-33,85.16777065115,0.0002386774284812418,1.556573368932555e-05,0.0,0.0,9.385050841598591e-35,6.646026134329169e-33,85.16932557815001,0.000271719220570958,2.2088013090439766e-05,0.0,0.0,1.055186670722861e-34,3.733873876270331e-33
6,82.643128175275,0.000244066748838668,1.8241062518558747e-05,0.0,0.0,6.4236985983112865e-34,1.0809159964661486e-32,82.643176117775,0.0002403798943934089,1.6012092470282318e-05,0.0,0.0,7.942579712685751e-34,5.39892380089959e-32,82.645068669525,0.0002747454468793148,2.297743055744703e-05,0.0,0.0,9.078063653454238e-34,3.047759568382629e-32
7,80.1724389748,0.0002454428443311917,1.8759916619507646e-05,0.0,0.0,5.433699136362613e-33,8.819286833058865e-32,80.172464207425,0.00024177378913911525,1.6480996665031553e-05,0.0,0.0,6.583210606677321e-33,4.2620649022700115e-31,80.1746844651,0.00027726455542891927,2.386104277061779e-05,0.0,0.0,7.667082049760259e-33,2.420860444600354e-31
8,77.754947894875,0.00024660377701729883,1.9280444309270997e-05,0.0,0.0,4.508742578603753e-32,7.0180012733521495e-31,77.754950247575,0.00024296012537968636,1.694846833306419e-05,0.0,0.0,5.342986020055646e-32,3.266957270747342e-30,77.75748728387501,0.00027946653213621175,2.477311729518147e-05,0.0,0.0,6.353995407066534e-32,1.8708417494083727e-30
9,75.389964978,0.0002476133661680797,1.9791549659685183e-05,0.0,0.0,3.667836593832611e-31,5.4431800018396494e-30,75.3899448823,0.00024399807891924865,1.7403758194720968e-05,0.0,0.0,4.24545571651431e-31,2.4298793082414656e-29,75.3927883323,0.00028146748839550127,2.5742214959627557e-05,0.0,0.0,5.1644588258702255e-31,1.4064268393934814e-29
10,73.0768042405,0.00024851130649534753,2.0287890861988573e-05,0.0,0.0,2.9234159084439424e-30,4.112202201011374e-29,73.07676254715,0.0002449261016229138,1.7843174921554155e-05,0.0,0.0,3.30207078000671e-30,1.7525980968218334e-28,73.07990155602499,0.00028333655156086027,2.6780019091539738e-05,0.0,0.0,4.114480106747967e-30,1.0282683720278416e-28
11,70.81478045505,0.00024932403275262915,2.0765946976254393e-05,0.0,0.0,2.2814119451455636e-29,3.024049455070215e-28,70.81471838435,0.00024577097040943046,1.826664137355558e-05,0.0,0.0,2.5135130582065058e-29,1.225088113442774e-27,70.818141993725,0.0002851107046166726,2.788365885791451e-05,0.0,0.0,3.210960053305558e-29,7.3090035548957225e-28
12,68.60321145902499,0.0002500699249989702,2.1225133507034923e-05,0.0,0.0,1.7419272883388602e-28,2.163209051860439e-27,68.60313030975,0.0002465529235964641,1.8677925677532725e-05,0.0,0.0,1.8719473428516315e-28,8.293561076042538e-27,68.6068275372,0.00028680434426220017,2.9031976236565687e-05,0.0,0.0,2.4528610671650837e-28,5.048988267391019e-27
13,66.4414173348,0.00025076240491849605,2.1666567485731203e-05,0.0,0.0,1.3002352527986916e-27,1.5041055245182722e-26,66.4413184111,0.0002472870590883394,1.908174280413529e-05,0.0,0.0,1.3635542403751277e-27,5.433149907298763e-26,66.445278052825,0.0002884246637274191,3.0196192325024498e-05,0.0,0.0,1.8326709622235227e-27,3.3882517171680595e-26
14,64.32872112507499,0.00025141161920306333,2.2091840258731513e-05,0.0,0.0,9.479898306118008e-27,1.0157428502950711e-25,64.32860583897501,0.00024798432240750117,1.9480891726429696e-05,0.0,0.0,9.710420139783245e-27,3.442066545135214e-25,64.332816577425,0.0002899786108785338,3.135117977096445e-05,0.0,0.0,1.3380823607610798e-26,2.2077756018368163e-25
15,62.26444838065,0.0002520256740547484,2.2502515834816572e-05,0.0,0.0,6.744811186254848e-26,6.656675218292689e-25,62.264318240225,0.0002486523961097555,1.9875172746203296e-05,0.0,0.0,6.757341025458396e-26,2.1081090454339597e-24,62.268768621475,0.0002914750904817629,3.248321944925068e-05,0.0,0.0,9.537579702506657e-26,1.3959366774372747e-24
16,60.247927947475,0.0002526118792905618,2.2901174801480907e-05,0.0,0.0,4.678241197191524e-25,4.2299504034118814e-24,60.24778435075,0.0002492969259189704,2.026280480135866e-05,0.0,0.0,4.592029739356325e-25,1.2478132950945843e-23,60.25246282455,0.0002929208971340995,3.3580039139976186e-05,0.0,0.0,6.629501168594982e-25,8.559205666102183e-24
17,58.27849138225,0.000253176529246266,2.329080195713959e-05,0.0,0.0,3.159857164655586e-24,2.6040668698505604e-23,58.278335688,0.00024992361702083144,2.0644701451995153e-05,0.0,0.0,3.044814482386312e-24,7.136025559323834e-23,58.283230731924995,0.00029431889406318076,3.4624320185702536e-05,0.0,0.0,4.488524422174805e-24,5.0870327695949095e-23
18,56.355473398525,0.00025372516832059775,2.367469199980072e-05,0.0,0.0,2.0759172902772717e-23,1.5518136460103859e-22,56.355306935575,0.0002505381475555623,2.1024484317847888e-05,0.0,0.0,1.967873714043046e-23,3.941105425381449e-22,56.3604069302,0.00029567174591233196,3.560321981013698e-05,0.0,0.0,2.956357104372998e-23,2.929585369946603e-22
19,54.478211698225,0.0002542622502543236,2.405554428804609e-05,0.0,0.0,1.3248107468722275e-22,8.943446856019013e-22,54.47803581025,0.00025114555025655135,2.1406140042705874e-05,0.0,0.0,1.2382015680235363e-22,2.1010570384169117e-21,54.4833291481,0.00029698602172116806,3.651728662680465e-05,0.0,0.0,1.8916531293258577e-22,1.6335596310546878e-21
20,52.646047114725,0.00025479129757433836,2.443528441436147e-05,0.0,0.0,8.201674578651542e-22,4.980104599606607e-21,52.645863143625,0.0002517499105265597,2.1792245181922464e-05,0.0,0.0,7.574416692374251e-22,1.0807747645524795e-20,52.6513382397,0.0002982704656635906,3.737450026261546e-05,0.0,0.0,1.1741201527440142e-21,8.808754893688473e-21
21,50.858323625450005,0.00025531577022295095,2.4815537068608294e-05,0.0,0.0,4.918379759147706e-21,2.6767065676272484e-20,50.858132882700005,0.0002523548746066808,2.218474823420018e-05,0.0,0.0,4.497834494624934e-21,5.362715059128637e-20,50.863778139124996,0.0002995339526578755,3.818379049636977e-05,0.0,0.0,7.058178070741957e-21,4.5879506118885514e-20
22,49.114388316275004,0.00025583924186750666,2.5197806239122664e-05,0.0,0.0,2.8526094834938326e-20,1.3872215619751393e-19,49.114192103725,0.00025296366873160875,2.2585211624993643e-05,0.0,0.0,2.5883289911868667e-20,2.5653939376391144e-19,49.119996072899994,0.0003007845395103504,3.8953119909274375e-05,0.0,0.0,4.1026884727442445e-20,2.3051688847103726e-19
23,47.413591504450004,0.000256365358320254,2.558424261307832e-05,0.0,0.0,1.5975599756147503e-19,6.924874926527922e-19,47.413391034775,0.00025357900460214297,2.299398591206365e-05,0.0,0.0,1.4408370809622395e-19,1.1826165032635623e-18,47.419342363775,0.0003020295038711629,3.968982762575529e-05,0.0,0.0,2.301939456874319e-19,1.1158700134133954e-18
24,45.75528672709999,0.0002568975268018403,2.5976881876262587e-05,0.0,0.0,8.624355445026869e-19,3.3261790844124297e-18,45.75508314875,0.00025420326386250963,2.3410714756175536e-05,0.0,0.0,7.744043518124451e-19,5.252109377470499e-18,45.761170628725004,0.0003032759506417642,4.040067348374074e-05,0.0,0.0,1.2444966890461306e-18,5.198088580751381e-18
25,44.1388306498,0.0002574389375120518,2.6377631191408864e-05,0.0,0.0,4.480022499702211e-18,1.5355938881741727e-17,44.138625167425,0.000254838699600441,2.3834668988582693e-05,0.0,0.0,4.010702383744755e-18,2.2466593646049794e-17,44.144837749749996,0.00030453103027597533,4.109231916248511e-05,0.0,0.0,6.470928830544028e-18,2.3278548374379186e-17
26,42.563583308575005,0.0002579927717688406,2.678867031391136e-05,0.0,0.0,2.2352233664256173e-17,6.806883398106067e-17,42.56337693375,0.00025548740030069894,2.4264872644509452e-05,0.0,0.0,1.9975080696666686e-17,9.255833218003713e-17,42.569703897675,0.00030580059550215085,4.176889651975696e-05,0.0,0.0,3.22987531543349e-17,1.0013920101348205e-16
27,41.028907850687496,0.00025856199645277227,2.7211914262393434e-05,0.0,0.0,1.0691250625498052e-16,2.8940284488683865e-16,41.0287017386125,0.0002561519903698354,2.470134194575557e-05,0.0,0.0,9.547057486881409e-17,3.6725174050232925e-16,41.035132393375,0.0003070909330160066,4.24356779348507e-05,0.0,0.0,1.5445479472465025e-16,4.1354058861161196e-16
28,39.5341709186375,0.00025914944176787686,2.7649054426643116e-05,0.0,0.0,4.892900763611962e-16,1.1789355037131482e-15,39.5339660173,0.00025683579200871465,2.51459361046442e-05,0.0,0.0,4.36969498235139e-16,1.4033956644473204e-15,39.5404899834125,0.0003084086264795769,4.309957390365261e-05,0.0,0.0,7.062326948435204e-16,1.6387883849290505e-15
29,38.078742319725,0.0002597582160298043,2.8103032833549795e-05,0.0,0.0,2.1384005178044992e-15,4.597180419419915e-15,38.07853958065,0.0002575427106756979,2.5602071290622114e-05,0.0,0.0,1.911253893084481e-15,5.164699508985025e-15,38.0851466502125,0.00030976088107432587,4.376904745948552e-05,0.0,0.0,3.0814215008540567e-15,6.23079478886984e-15
30,36.6619952296625,0.0002603916981544171,2.8577305562265548e-05,0.0,0.0,8.907326070694758e-15,1.714288855486165e-14,36.66179558685,0.0002582776548984111,2.607499364416812e-05,0.0,0.0,7.971881987456422e-15,1.8301512668119424e-14,36.6684757010375,0.0003111551515726751,4.445270758680611e-05,0.0,0.0,1.280368079779597e-14,2.2726545544796178e-14
31,35.2833061689375,0.00026105330164311453,2.907534183672233e-05,0.0,0.0,3.5293718773066616e-14,6.107233850133482e-14,35.2831105209625,0.000259046160242724,2.657092298106867e-05,0.0,0.0,3.1643231389892657e-14,6.242051397028401e-14,35.289853816275,0.0003125992004756699,4.5160450633816274e-05,0.0,0.0,5.056236333692798e-14,7.950007872403352e-14
32,33.9420550402375,0.0002617469484431058,2.9601515279835243e-05,0.0,0.0,1.3277302673431913e-13,2.0765974890789743e-13,33.9418641940875,0.000259854467049081,2.709657133365628e-05,0.0,0.0,1.1928943447422635e-13,2.0474228552354965e-13,33.9486609979625,0.0003141015343528852,4.590277976171614e-05,0.0,0.0,1.8939655723440075e-13,2.6657408297018254e-13
33,32.63762513885,0.00026247737348378,3.0161128333997575e-05,0.0,0.0,4.733472912503996e-13,6.732505257864545e-13,32.63743983015,0.00026070911266040637,2.765752042388752e-05,0.0,0.0,4.2626524458140264e-13,6.450650773532862e-13,32.644280709475,0.0003156716906024667,4.669002719336752e-05,0.0,0.0,6.716427283695562e-13,8.560502277534625e-13
34,31.369403124475,0.00026325043519442263,3.076048651747321e-05,0.0,0.0,1.5963901151455115e-12,2.079052084518713e-12,31.36922407015,0.0002616173031683138,2.8258645048032966e-05,0.0,0.0,1.4411636242130602e-12,1.9491463831101125e-12,31.3760997698125,0.00031732054163301655,4.753253482558934e-05,0.0,0.0,2.2507766672740486e-12,2.6290963349423172e-12
35,30.1367791845875,0.00026407361019540986,3.1407832344925133e-05,0.0,0.0,5.084722571911162e-12,6.108282258959871e-12,30.1366069445125,0.0002625882610724511,2.8905956452333206e-05,0.0,0.0,4.6020912340431974e-12,5.638017039165089e-12,30.143508424399997,0.0003190611645457102,4.844157254181033e-05,0.0,0.0,7.115594707474814e-12,7.707399199440396e-12
36,28.9391468807875,0.00026495566539168065,3.211276750737689e-05,0.0,0.0,1.5272401444942005e-11,1.7052786390308462e-11,28.938981946775,0.00026363383188967416,2.9607331892323567e-05,0.0,0.0,1.385882348654313e-11,1.5579072758585452e-11,28.945900364487503,0.00032090942317714505,4.9430048922394665e-05,0.0,0.0,2.1188302018632753e-11,2.1518126320550253e-11
37,27.775903310025,0.0002659073387827084,3.2886017891866486e-05,0.0,0.0,4.319961618245363e-11,4.517676933840114e-11,27.77574603165,0.00026476840479168457,3.0372182001217398e-05,0.0,0.0,3.930331827237933e-11,4.103215082983412e-11,27.782672698037498,0.00032288487453966807,5.051383976047673e-05,0.0,0.0,5.934556812197716e-11,5.706950350977363e-11
38,26.646448948725002,0.0002669418032655085,3.374045025612823e-05,0.0,0.0,1.1494776350135043e-10,1.1342038277781113e-10,26.6462996202375,0.00026601017951477843,3.1214193606562236e-05,0.0,0.0,1.0484881380055505e-10,1.0277859002830486e-10,26.653226038612498,0.0003250124541493278,5.171328740695782e-05,0.0,0.0,1.5616540011013602e-10,1.4342074211690612e-10
39,25.55018787745,0.00026807551722755305,3.469212494827863e-05,0.0,0.0,2.8747282906133093e-10,2.69495975779116e-10,25.5500466607625,0.00026738234175762045,3.2152019452686044e-05,0.0,0.0,2.628705896349527e-10,2.443172148271723e-10,25.5569644957125,0.0003273229609697591,5.3053086620122704e-05,0.0,0.0,3.857414538493047e-10,3.407386152641661e-10
40,24.4865276349625,0.00026932820200112475,3.576085565269484e-05,0.0,0.0,6.753436334287804e-10,6.053138423171545e-10,24.486394600587502,0.00026891318606343703,3.3208832048412135e-05,0.0,0.0,6.190225587001177e-10,5.501225867759325e-10,24.493295673575002,0.0003298527013232524,5.456066785866211e-05,0.0,0.0,8.938479897431409e-10,7.63806397896559e-10
41,23.4548793597875,0.00027072164281555163,3.696808219241247e-05,0.0,0.0,1.489997180590453e-09,1.2839771419946179e-09,23.454754417012502,0.00027063550959639544,3.441221678534907e-05,0.0,0.0,1.368810503193452e-09,1.1715234126369904e-09,23.461630759425,0.00033264182320570396,5.62645043196414e-05,0.0,0.0,1.9425608953707208e-09,1.613079723014829e-09
42,22.454657728175,0.00027227786629722685,3.833418791613169e-05,0.0,0.0,3.0877288676090917e-09,2.5704462921048357e-09,22.45454067325,0.00027258492979170113,3.5794091675710395e-05,0.0,0.0,2.8424814588555793e-09,2.3569538576885158e-09,22.461384547,0.00033572743983182593,5.818996402526106e-05,0.0,0.0,3.9598624903649725e-09,3.2065647983824074e-09
43,21.485281023324998,0.0002740159055803088,3.987637120038993e-05,0.0,0.0,6.013382196326557e-09,4.855615411884525e-09,21.48517155055,0.0002747938719686499,3.738621423800981e-05,0.0,0.0,5.546077792320525e-09,4.47721746604074e-09,21.491975408412504,0.00033913343138774506,6.035141628258222e-05,0.0,0.0,7.575460582510477e-09,5.997913999372514e-09
44,20.54617117836875,0.0002759471971023595,4.160510850154407e-05,0.0,0.0,1.1016427293250378e-08,8.65747090320347e-09,20.54606891213125,0.00027728324872463417,3.921351296318713e-05,0.0,0.0,1.0176711964191565e-08,8.030087138661745e-09,20.552825499825,0.00034285824995262373,6.274054640394726e-05,0.0,0.0,1.3613932952931465e-08,1.056041337324367e-08
45,19.63675388545,0.0002780687775709521,4.3517134389292775e-05,0.0,0.0,1.9011414711054553e-08,1.4582035672522452e-08,19.6366583356,0.00028005203465232624,4.128363798661201e-05,0.0,0.0,1.7585464492052282e-08,1.3606596576094716e-08,19.6433607652625,0.0003468619856724399,6.531520360669312e-05,0.0,0.0,2.301620141550942e-08,1.751942723878648e-08
46,18.756458558625,0.0002803557991809066,4.558557870400135e-05,0.0,0.0,3.0963369094729186e-08,2.3235492319469065e-08,18.756369215299998,0.00028306775397672027,4.35755866693158e-05,0.0,0.0,2.866928593164064e-08,2.1808839019549903e-08,18.76301105396875,0.00035105718457365584,6.799420143791434e-05,0.0,0.0,3.667825323944218e-08,2.743197167809963e-08
47,17.9047184904,0.00028275828748883214,4.7755283077819146e-05,0.0,0.0,4.7703639477950645e-08,3.5097760124383424e-08,17.90463478429375,0.00028626087491589715,4.603121137055669e-05,0.0,0.0,4.419699430795676e-08,3.312711460834533e-08,17.9112102193875,0.00035530714397835253,7.0657808844431e-05,0.0,0.0,5.523127967946739e-08,4.0638769620898364e-08
48,17.08097088943125,0.00028520012596971355,4.993989203521237e-05,0.0,0.0,6.971564033610767e-08,5.038959623190862e-08,17.08089233070625,0.00028952436942105125,4.855423600113751e-05,0.0,0.0,6.46070085237882e-08,4.7806528185556915e-08,17.087396156281248,0.0003594354587802081,7.315808487494387e-05,0.0,0.0,7.882513827986104e-08,5.71369488675898e-08
49,16.284656973525,0.0002875837597199279,5.202800884173039e-05,0.0,0.0,9.695587410581075e-08,6.89777875465565e-08,16.2845830434125,0.0002927239163201011,5.101899054280133e-05,0.0,0.0,8.983950747713632e-08,6.574718879169633e-08,16.29101102723125,0.00036324494844462604,7.5335689872227e-05,0.0,0.0,1.0699432602304659e-07,7.652475656597706e-08
50,15.51522194365,0.0002898002628668473,5.389428174886689e-05,0.0,0.0,1.2877612688339202e-07,9.035553749761131e-08,15.51515233640625,0.00029570913518356975,5.328159043551768e-05,0.0,0.0,1.1926600534137188e-07,8.647744008557683e-08,15.521500916231249,0.0003665467899495707,7.705068708425715e-05,0.0,0.0,1.3866583884453388e-07,9.804479134419185e-08
51,14.772115096981251,0.000291739422293831,5.541451851348993e-05,0.0,0.0,1.6398228594117547e-07,1.1370884641618295e-07,14.772049613850001,0.0002983226468802604,5.518550619858437e-05,0.0,0.0,1.517497245487043e-07,1.092131913418353e-07,14.778316062237499,0.00036918442900227093,7.820111454552524e-05,0.0,0.0,1.7231648715130275e-07,1.2071149826565212e-07
52,14.054789833856251,0.00029329451685924143,5.6463712957828e-05,0.0,0.0,2.0101707124348333e-07,1.3804778055625717e-07,14.0547284374875,0.00030041058327798963,5.656964394495898e-05,0.0,0.0,1.8582382039900924e-07,1.3298509920071535e-07,14.06091068821875,0.0003710473697096313,7.873265740124018e-05,0.0,0.0,2.0623173607196232e-07,1.4347887111808793e-07
53,13.3627039138625,0.00029436499529067076,5.691141099948055e-05,0.0,0.0,2.382128959862939e-07,1.623634902571074e-07,13.3626464899125,0.0003018274331149587,5.727840877162711e-05,0.0,0.0,2.1993355280889304e-07,1.567931282029449e-07,13.368742933693749,0.00037207815049761846,7.863059196469192e-05,0.0,0.0,2.3878583624420634e-07,1.6539633143001697e-07
54,12.6953196539,0.0002948402892555168,5.66069313710515e-05,0.0,0.0,2.740424659859153e-07,1.8576672661585848e-07,12.695265803075,0.00030244512549405046,5.7181772980159684e-05,0.0,0.0,2.5267361588603874e-07,1.7974700533513633e-07,12.7012748202875,0.00037226652086777903,7.791275766657254e-05,0.0,0.0,2.686670584498474e-07,1.8571688922719043e-07
55,12.05210440166875,0.00029456063875506514,5.532557873446248e-05,0.0,0.0,3.0730728022749785e-07,2.0758001856298595e-07,12.05205286435,0.0003021674669264758,5.621200510681959e-05,0.0,0.0,2.8296320053301295e-07,2.0116398896607694e-07,12.05797211864375,0.0003716641261283803,7.664656539871717e-05,0.0,0.0,2.950043481776987e-07,2.0394916598740424e-07
56,11.43253238388125,0.0002933257634720212,5.2875696816060654e-05,0.0,0.0,3.372302337891231e-07,2.273740852011498e-07,11.432479932275,0.00030093282622874537,5.437573088093559e-05,0.0,0.0,3.1012985269107674e-07,2.2061165038282228e-07,11.438304951800001,0.00037042447958243426,7.499208240117195e-05,0.0,0.0,3.1738713254323424e-07,2.1985532294585595e-07
57,10.836083076724998,0.00029121532305754957,4.9719547119346704e-05,0.0,0.0,3.6344104817340296e-07,2.449512604344572e-07,10.83602722739375,0.00029867728495737536,5.169748371102826e-05,0.0,0.0,3.339030237860774e-07,2.3789697878872288e-07,10.84175034821875,0.0003686351310986356,7.304134434993933e-05,0.0,0.0,3.3609196948516383e-07,2.3359091035143234e-07
58,10.262239877296874,0.0002887389272114524,4.658541600534138e-05,0.0,0.0,3.860021868981267e-07,2.6037673784531244e-07,10.262188713596876,0.0002953684100799728,4.8281458903897745e-05,0.0,0.0,3.5434469803810487e-07,2.5302754453862425e-07,10.267800040584376,0.00036497969259398816,6.992469285963906e-05,0.0,0.0,3.5303718460377275e-07,2.46137134102823e-07
59,9.710482985471875,0.00028597340380219976,4.32515438735683e-05,0.0,0.0,4.059861127027631e-07,2.742325259117655e-07,9.710471050065625,0.0002908816565103916,4.401825059108508e-05,0.0,0.0,3.7229829903163037e-07,2.6646726416705655e-07,9.71596360265,0.00035813737976015547,6.538389837032421e-05,0.0,0.0,3.6902781719520217e-07,2.579076747121163e-07
60,9.18030102474375,0.00028275567141572536,3.926183831962422e-05,0.0,0.0,4.2451017428632554e-07,2.871631533805607e-07,9.18039676078125,0.0002851187940341333,3.836576875618224e-05,0.0,0.0,3.892217313607471e-07,2.790463682349143e-07,9.185768472440625,0.0003476814645368722,5.870462925754007e-05,0.0,0.0,3.8472500626206773e-07,2.693339362484745e-07
61,8.671191920178126,0.00027924141897732625,3.423091974806643e-05,0.0,0.0,4.4259850915490337e-07,2.998291528703277e-07,8.6715007497875,0.0002798452434583305,3.1766028499077915e-05,0.0,0.0,4.058581594646249e-07,2.912910356449296e-07,8.6767496255375,0.0003339380469587195,4.814204736405898e-05,0.0,0.0,4.0092305599278787e-07,2.8095436789649025e-07
62,8.1827776902125,0.00027603769077490145,2.749625507149421e-05,0.0,0.0,4.61769620786221e-07,3.133301096273635e-07,8.183400466315625,0.00027841936361481205,2.557415845493655e-05,0.0,0.0,4.234579544789874e-07,3.043130655337984e-07,8.18849186769375,0.0003186948434649821,3.413361205854885e-05,0.0,0.0,4.1821959076744795e-07,2.934429073268589e-07
63,7.714800172784375,0.00027374936331623755,1.9414869852987038e-05,0.0,0.0,4.823891002918579e-07,3.2787370326407133e-07,7.7157352653375,0.0002825132831342489,2.056596327150501e-05,0.0,0.0,4.422573485713688e-07,3.182776626841379e-07,7.7205884233125,0.0003052259552900796,2.0950804102093522e-05,0.0,0.0,4.366612618330867e-07,3.068250463744582e-07
64,7.266784075646876,0.0002727090334008244,1.2830145804855598e-05,0.0,0.0,5.041301622869998e-07,3.432689554436314e-07,7.267933087090626,0.0002889880822842679,1.693021130534476e-05,0.0,0.0,4.620486930990797e-07,3.3306341665633496e-07,7.272485390437501,0.00029665588013420347,1.2179532525051723e-05,0.0,0.0,4.5613175701390676e-07,3.210206792478936e-07
65,6.83805972301875,0.0002727685208562616,9.108374466877584e-06,0.0,0.0,5.270208438151514e-07,3.5946622135009315e-07,6.8392999215625006,0.00029398906444621386,1.4793378472224842e-05,0.0,0.0,4.828908617050586e-07,3.4865020025935807e-07,6.84356336529375,0.0002929747499729274,7.736138747367511e-06,0.0,0.0,4.767245657517893e-07,3.360549564144993e-07
66,6.42803038041875,0.00027333245325266033,8.609375249189608e-06,0.0,0.0,5.513428136815435e-07,3.766457942252384e-07,6.429258391765625,0.00029585846806512564,1.374577628085715e-05,0.0,0.0,5.050714483186791e-07,3.652129354088693e-07,6.4332808238375,0.00029205066853675815,6.347032703855193e-06,0.0,0.0,4.986429745541354e-07,3.5204012930884135e-07
67,6.036194050840625,0.00027456477320716657,1.1694159981927195e-05,0.0,0.0,5.772927036483822e-07,3.949929786283827e-07,6.037373619853126,0.0002941914177081344,1.3660774356711277e-05,0.0,0.0,5.288240858034942e-07,3.8292169975239376e-07,6.041164805253125,0.0002921005072304979,7.255542895058078e-06,0.0,0.0,5.220273136537212e-07,3.690718909252999e-07
68,5.6620512081,0.0002775179513252806,1.668244930492361e-05,0.0,0.0,6.049796847645616e-07,4.145925016078426e-07,5.663222141140625,0.0002896170042099402,1.4485897091017119e-05,0.0,0.0,5.542225804984202e-07,4.018324377064008e-07,5.6667445026843755,0.00029202695594744,1.060665619148959e-05,0.0,0.0,5.469809867442388e-07,3.87221780499522e-07
69,5.305084264203125,0.0002827783130480384,2.2647212307617903e-05,0.0,0.0,6.344898113674091e-07,4.355025865344485e-07,5.306296210146875,0.0002838940639273642,1.628215211863407e-05,0.0,0.0,5.812536650917366e-07,4.21991373531162e-07,5.3095214588531245,0.0002914160264207021,1.5714456707554803e-05,0.0,0.0,5.73595681607102e-07,4.066074104857733e-07
70,4.9647547962734375,0.00028834532291177313,2.9047395665534273e-05,0.0,0.0,6.659082519609249e-07,4.5779243000488256e-07,4.966022129654688,0.00027963623609626666,2.0510556788527995e-05,0.0,0.0,6.099982784730073e-07,4.4348377411900286e-07,4.968962133104688,0.0002905521347048125,2.1430168399845856e-05,0.0,0.0,6.019506258651241e-07,4.2730882376786866e-07
71,4.64051177204375,0.00029080117214703934,3.557474450900676e-05,0.0,0.0,6.993913636072691e-07,4.816050073461066e-07,4.641828515590625,0.0002784851522161262,2.6866250116737407e-05,0.0,0.0,6.406307908402554e-07,4.6645827191037374e-07,4.644514846340625,0.00028990264209449376,2.684352681702802e-05,0.0,0.0,6.321722192568946e-07,4.4944093013224055e-07
72,4.331813163878125,0.00028758988130881335,4.115222121530255e-05,0.0,0.0,7.35149799353838e-07,5.071214783205048e-07,4.333168149607813,0.00027786097876609345,3.322575277130755e-05,0.0,0.0,6.733369376402542e-07,4.910771868552926e-07,4.335632203720313,0.0002877240311249443,3.2695506660695215e-05,0.0,0.0,6.644285269958083e-07,4.7314600631269904e-07
73,4.038146379310938,0.0002783278146531302,4.532547628105444e-05,1.3452465257518244e-48,1.2933824199176205e-46,7.7345184630218e-07,5.345384832704437e-07,4.03952546919375,0.0002738541980601076,3.9744515876182895e-05,4.90454462513686e-49,7.062151524261348e-47,7.08360922145097e-07,5.175238705078868e-07,4.041794132873438,0.00028101825132369413,3.9690582886567715e-05,7.777206477002735e-49,1.2816092183454496e-46,6.989626067148125e-07,4.986026023548289e-07
74,3.7590315212109378,0.0002666050136685226,5.025285352305632e-05,2.6647792246832884e-46,5.731069559247234e-45,8.145770325545243e-07,5.640707374495421e-07,3.7604208180703123,0.00026830927335806334,4.7525305528805736e-05,2.5107064585307747e-46,4.4229734882032757e-45,7.459619408697016e-07,5.459985213471653e-07,3.7625159581671874,0.00027206264794136587,4.7589460313860665e-05,1.7874963210927367e-46,4.5587317761677076e-45,7.36031779917119e-07,5.260090169607141e-07
75,3.4940098680515623,0.00025147885412126923,5.275202304162698e-05,5.142386777806707e-32,6.270052134799158e-30,8.588241768604554e-07,5.95953099853967e-07,3.495398409690625,0.00025754691694513895,5.282398794371952e-05,2.205728126529599e-32,3.6582965608423856e-30,7.864120886870296e-07,5.767205075522683e-07,3.497336663564062,0.0002583483903637716,5.291249092520737e-05,3.7970453429779844e-32,8.930549033147877e-30,7.759077664489933e-07,5.555799573746871e-07
76,3.242636483676563,0.000230625614952678,5.6748495576351975e-05,4.589381977217661e-29,2.8715212806112152e-27,9.065210248565059e-07,6.304454727331576e-07,3.244016522440625,0.00023935086559618866,5.7869924678458326e-05,2.809019400612878e-29,2.0743561801083345e-27,8.300081750468458e-07,6.099355470518206e-07,3.245810546092187,0.00023815646361142172,5.731018158234575e-05,2.443289205882811e-29,1.9981244179620544e-27,8.18886497495348e-07,5.875527130067951e-07
77,3.0044752349,0.00020634364932693643,5.9325859589152345e-05,5.0840918810837414e-17,6.0289821444484356e-15,9.58024292539843e-07,6.678325375774383e-07,3.0058416459437503,0.0002155292617288069,6.061971537870683e-05,5.943049755593879e-17,9.912136240904671e-15,8.770766785891482e-07,6.459137212218678e-07,3.0075012754359376,0.00021349622977573745,5.949082333291728e-05,1.875162559205259e-17,4.386531750389151e-15,8.652920022860134e-07,6.221880493116277e-07
78,2.7790967736843752,0.0001800991265943867,6.155930746742307e-05,7.346953486479897e-13,9.772131961811096e-11,1.0137554470710519e-06,7.084689623392143e-07,2.780446353639063,0.00018825475273794837,6.217114256361456e-05,4.4786758894690783e-13,5.0557639560820486e-11,9.279982849016299e-07,6.849888845216188e-07,2.7819795521968746,0.00018605177372645813,6.0856639506268275e-05,2.2416780715756555e-13,4.419906433536888e-11,9.155025562961683e-07,6.598162734482132e-07
79,2.566077485767969,0.00015316962483262613,6.130311307232293e-05,7.731340128592431e-07,7.655727387864028e-06,1.07415245932021e-06,7.526964281278414e-07,2.567408151190625,0.00015945801758882226,6.166340387828178e-05,5.142008789120079e-07,6.148504834849066e-06,9.831705628417887e-07,7.274730150687034e-07,2.5688216131742188,0.00015762747426375427,6.045955576448517e-05,3.7174063947394925e-07,5.0801538021461945e-06,9.699103124102493e-07,7.007341887985966e-07
80,2.36500086353125,0.00011062326214280802,3.912798189028879e-05,2.3253224427505984e-05,5.330318852271932e-05,1.1385694055338646e-06,7.967886246458357e-07,2.3663110841374997,0.00011640994789559954,4.24089272755123e-05,1.9967818018552906e-05,4.84504598068831e-05,1.0422979024212254e-06,7.708009378129261e-07,2.3676105393078126,0.00011633699791947492,4.1257522454695895e-05,1.8174549728463592e-05,4.568508395919462e-05,1.028439985556915e-06,7.430113418568994e-07
81,2.175456777874219,5.344226710928524e-05,1.295377381429764e-05,6.691803242515468e-05,8.26956360301322e-05,1.1726681493308178e-06,7.918145753251832e-07,2.176745719496875,5.596780483248495e-05,1.4297966395477355e-05,6.40018943980572e-05,8.018979119245458e-05,1.0754906631708038e-06,7.691279601411563e-07,2.1779363265640628,5.632832662731289e-05,1.318362507531166e-05,6.190626397676178e-05,7.755900048012262e-05,1.063647572655224e-06,7.413186341066784e-07
82,1.9970354991820312,1.878105464940063e-05,3.999450926599687e-06,8.78752306299024e-05,8.07782001674047e-05,1.139940199345979e-06,7.44932087231564e-07,1.9983027261750002,1.982610019473441e-05,4.400888177984856e-06,8.327100392824787e-05,8.000337647328191e-05,1.0412413777930496e-06,7.247899805071442e-07,1.9993893357515626,1.988733699770819e-05,3.966669305309108e-06,8.147912931842768e-05,7.68547625904639e-05,1.0320650843693002e-06,6.962182729472862e-07
83,1.829329424103125,5.5329984010455744e-06,1.1952551735414043e-06,8.966822147674314e-05,7.224382296484622e-05,1.0724731315446334e-06,6.940623820055867e-07,1.8305741342406252,5.866783021115793e-06,1.3404163657201475e-06,8.412341916557766e-05,7.181091304125067e-05,9.74732589721512e-07,6.752345845158408e-07,1.8315613563093749,5.881139000978237e-06,1.2109741901132537e-06,8.26517235134939e-05,6.847456576082417e-05,9.678519690716315e-07,6.473092703627744e-07
84,1.671938426825,1.4895551655277473e-06,3.2380078595325307e-07,8.440323529932812e-05,6.55189268195201e-05,9.993279716480785e-07,6.497260173715391e-07,1.673159634960156,1.5808497760374961e-06,3.6690419860786813e-07,7.813942296027651e-05,6.520679672989056e-05,9.039759489449039e-07,6.316943513382714e-07,1.6740518820109376,1.584204200165118e-06,3.302598661406207e-07,7.702962641108183e-05,6.19232735751736e-05,8.990035584292499e-07,6.053651673985434e-07
85,1.524470215453125,3.7099847932353214e-07,8.076155072034999e-08,7.82871480216113e-05,6.032754333916004e-05,9.313609592914674e-07,6.109672830031078e-07,1.5256667589929689,3.9414398073503777e-07,9.22780605867235e-08,7.150340867097997e-05,6.014079870826702e-05,8.395667093333259e-07,5.934050544510334e-07,1.5264684386835936,3.949949186679902e-07,8.276088234423225e-08,7.065468184096915e-05,5.693281849908153e-05,8.360396011781112e-07,5.691654681575699e-07
86,1.3865386533835937,8.504147205767865e-08,1.8537642562840627e-08,7.324129313095e-05,5.625405120512001e-05,8.701197030501007e-07,5.762542402740723e-07,1.3877093167546874,9.048274905978814e-08,2.13708620572684e-08,6.617320851387661e-05,5.6107347510363886e-05,7.828117208593e-07,5.589773347204598e-07,1.388424821313281,9.071589889206421e-08,1.9104253505639297e-08,6.541463229510327e-05,5.295562189993137e-05,7.803997582953492e-07,5.372827191450812e-07
87,1.2577631828949218,1.7847075571306714e-08,3.885218131660543e-09,6.941242722759626e-05,5.3063315421324676e-05,8.142233327978232e-07,5.443576810010982e-07,1.2589066252917969,1.9019360882246428e-08,4.510713294323308e-09,6.224894853985234e-05,5.286381291055668e-05,7.320238140825097e-07,5.273239485591691e-07,1.259540490609375,1.9083637149448496e-08,4.02771710954195e-09,6.147980289521456e-05,4.978873474986307e-05,7.306559904477616e-07,5.086552212093409e-07
88,1.1377684990421875,3.4078816598376306e-09,7.419869996582211e-10,6.650650563191447e-05,5.051492560416605e-05,7.619735253918414e-07,5.143545691267484e-07,1.1388832649101563,3.6395989594301127e-09,8.665783208904704e-10,5.9398288805255104e-05,5.02468339378724e-05,6.852587857395243e-07,4.976171876741293e-07,1.1394402623753905,3.654475467103069e-09,7.755757392307163e-10,5.8639282045780874e-05,4.731719552491864e-05,6.85024193506898e-07,4.823820427016427e-07
89,1.0261850179664063,5.872440138506712e-10,1.27529048263983e-10,6.420939938456513e-05,4.8393567898087174e-05,7.120316194260745e-07,4.855314967142534e-07,1.0272693098449217,6.28601675963375e-10,1.496501260885501e-10,5.725933073669921e-05,4.794715441944063e-05,6.409758144474153e-07,4.6922909376912547e-07,1.0277546375210938,6.315199816196715e-10,1.3469300494587408e-10,5.6606692209263656e-05,4.540480867137157e-05,6.419417943211769e-07,4.5754931921089753e-07
90,0.9226479134332031,9.038951230019506e-11,1.9599097686093247e-11,6.238195315246457e-05,4.6560722205987906e-05,6.634561222777613e-07,4.5752998645839374e-07,0.9236997691996094,9.70780727160489e-11,2.3091107003897152e-11,5.5598288926040596e-05,4.5832644271426354e-05,5.981082601965859e-07,4.4192108627220187e-07,0.9241187657761719,9.752713247204378e-11,2.099526841877441e-11,5.5156075849191665e-05,4.387385638595291e-05,6.001828923429109e-07,4.3345327116804283e-07
91,0.8267989549218749,1.2318566487100595e-11,2.6450026595971256e-12,6.099510719310842e-05,4.497961523169027e-05,6.154768075100137e-07,4.298914082823051e-07,0.8278162167863281,1.3277797572045207e-11,3.128560249100481e-12,5.437752542760791e-05,4.401570059088464e-05,5.558852801971703e-07,4.152583839869457e-07,0.8281742993425781,1.3333872566725392e-11,2.8808174588831895e-12,5.417593302343448e-05,4.263022173340712e-05,5.588202253873397e-07,4.0947153973612404e-07
92,0.7382839764625,1.4775023669875813e-12,2.980295122183179e-13,6.013902713152902e-05,4.391901744626693e-05,5.672727642218511e-07,4.023201687812453e-07,0.7392647738109375,1.6001360034068718e-12,3.561816000143465e-13,5.3741934326275215e-05,4.286268474582898e-05,5.135201559421531e-07,3.88898107635846e-07,0.7395669637378907,1.6008236767488076e-12,3.372746840792736e-13,5.371455680432973e-05,4.1918530311559735e-05,5.169858876192012e-07,3.851808292848924e-07
93,0.6567637852748047,2.16936594713189e-13,1.8236437114839427e-14,6.000096790525504e-05,4.3636976609030394e-05,5.179324626448612e-07,3.738652687631617e-07,0.6577057931935547,2.2801774241143394e-13,2.167808436445466e-14,5.387557050151827e-05,4.262304208749164e-05,4.7001674899883383e-07,3.6168116169441473e-07,0.6579566145679688,2.2424634626263325e-13,1.9643974610446408e-14,5.396833657339812e-05,4.201912141979571e-05,4.7379620060588934e-07,3.5958897311720955e-07
94,0.5819032473216796,4.319613762429603e-14,4.1198461333534075e-15,6.0611345013930985e-05,4.414808706096989e-05,4.657701326729935e-07,3.42876516285344e-07,0.5828043798169922,4.5401066994435184e-14,4.8615696531492336e-15,5.473470623011963e-05,4.3265925412954525e-05,4.23650682200023e-07,3.317962681486243e-07,0.5830086178787109,4.464671601210412e-14,4.328551155949601e-15,5.497649779046583e-05,4.292269287210627e-05,4.2759315943809106e-07,3.3094454256582884e-07
95,0.5133530775011719,7.541031587775017e-15,7.908488524808784e-16,6.189618475284078e-05,4.54754008594864e-05,4.089498683264026e-07,3.076968939232437e-07,0.5142114555146484,7.956447191766409e-15,9.316116044296718e-16,5.617762557814785e-05,4.470746569170098e-05,3.7265122177100986e-07,2.9758696646056407e-07,0.5143743653748047,7.816080126913535e-15,8.438428621660996e-16,5.6612443426053e-05,4.452556145971871e-05,3.765359074518937e-07,2.976761412050361e-07
96,0.45077130730253906,1.1475221188645483e-15,1.3361361725858512e-16,6.37435499167384e-05,4.7669541660140664e-05,3.457713085538927e-07,2.665707877440062e-07,0.4515850195949219,1.2160127383912238e-15,1.5708356297957128e-16,5.8080654768065186e-05,4.685217500620447e-05,3.154974646241637e-07,2.5746063583866517e-07,0.45171170098125,1.1935191764246606e-15,1.451582076561812e-16,5.880966986758267e-05,4.687575043545323e-05,3.190235498442995e-07,2.5830003349152797e-07
97,0.3938340798525391,1.5038355323825695e-16,2.0140096416952618e-17,6.59930633358158e-05,5.0759194008038116e-05,2.743775142496663e-07,2.1745469161527716e-07,0.3946018991529297,1.602561187875018e-16,2.3582138247011914e-17,6.036839655906647e-05,4.97968959026573e-05,2.505503951483812e-07,2.0953050237348858e-07,0.3946970983238281,1.5707619537199774e-16,2.2252939905723746e-17,6.136118962605792e-05,5.008112439931551e-05,2.532249694330302e-07,2.1083608460693234e-07
98,0.34223420259746096,1.6974805577737262e-17,2.60263117422435e-18,6.830743445968892e-05,5.478235745960221e-05,1.9290215270836075e-07,1.5780203572616425e-07,0.3429550569304688,1.8194336682937722e-17,3.0693841384888954e-18,6.261751843557235e-05,5.3169697216440295e-05,1.7603335553284084e-07,1.513629795005463e-07,0.3430236912921875,1.784169744492319e-17,2.9852100606179415e-18,6.34567323164083e-05,5.366867247181757e-05,1.773674286206095e-07,1.5276524207385596e-07
99,0.29577347999541015,2.1805906615043272e-18,4.983161971266678e-19,6.655974811823399e-05,5.6208356732881205e-05,1.0020742778104052e-07,8.503711596647697e-08,0.29645023959335937,2.3786022681589296e-18,5.953541799268245e-19,6.047718867601361e-05,5.370784561034118e-05,9.103030445334003e-08,8.113000972205977e-08,0.2964977022875,2.3325285579589065e-18,5.990335788234265e-19,6.0563311270294095e-05,5.450279551447284e-05,9.114593107509838e-08,8.228628988312534e-08
