level,-nu-0.01_pressure_bar,-nu-0.01_H2O_mean,-nu-0.01_H2O_std,-nu-0.01_H2O_l__mean,-nu-0.01_H2O_l__std,-nu-0.01_H2O_l_p__mean,-nu-0.01_H2O_l_p__std,-nu-0.1_pressure_bar,-nu-0.1_H2O_mean,-nu-0.1_H2O_std,-nu-0.1_H2O_l__mean,-nu-0.1_H2O_l__std,-nu-0.1_H2O_l_p__mean,-nu-0.1_H2O_l_p__std,-nu-1.0_pressure_bar,-nu-1.0_H2O_mean,-nu-1.0_H2O_std,-nu-1.0_H2O_l__mean,-nu-1.0_H2O_l__std,-nu-1.0_H2O_l_p__mean,-nu-1.0_H2O_l_p__std
0,98.62439433864999,0.024960893580745904,1.6704561477662548e-06,0.0,0.0,0.0,0.0,98.62449995695,0.024961117138881238,1.9274125120824515e-06,0.0,0.0,0.0,0.0,98.6244772742,0.024961014211783185,1.5443796484821016e-06,0.0,0.0,0.0,0.0
1,95.8184104972,0.02493358866936527,8.96077671972574e-05,0.0,0.0,0.0,0.0,95.81851741295,0.02496122542546131,8.967143388271513e-05,0.0,0.0,0.0,0.0,95.81863475915,0.024959739228254185,7.550705366243946e-05,0.0,0.0,0.0,0.0
2,93.07152128359999,0.02491996253452264,0.00010895730138452726,0.0,0.0,0.0,0.0,93.07163114724999,0.02495327067030594,0.00010827720467861707,0.0,0.0,0.0,0.0,93.0720898466,0.02495137905425392,9.329129002669298e-05,0.0,0.0,0.0,0.0
3,90.38122736940001,0.024913242151197047,0.00011601855258064452,0.0,0.0,0.0,0.0,90.3813312883,0.02494809388851747,0.00011495676744430284,0.0,0.0,0.0,0.0,90.38217442445,0.0249456651139725,0.00010041434887433572,0.0,0.0,0.0,0.0
4,87.74684891310001,0.024908608982721344,0.0001202174315062983,0.0,0.0,0.0,0.0,87.7469379071,0.02494408174547367,0.00011907995910845579,0.0,0.0,0.0,0.0,87.74814252315,0.024941235248418524,0.00010485203764160463,0.0,0.0,0.0,0.0
5,85.16770108610001,0.02490494921146892,0.00012303465970661405,0.0,0.0,0.0,0.0,85.16777065115,0.024940672950418664,0.00012190667196566721,0.0,0.0,0.0,0.0,85.16932557815001,0.024937393236868083,0.00010794862303114121,0.0,0.0,0.0,0.0
6,82.643128175275,0.024901796756787227,0.0001253139366401647,0.0,0.0,0.0,0.0,82.643176117775,0.02493763744758442,0.00012418820375603425,0.0,0.0,0.0,0.0,82.645068669525,0.024933934806762263,0.00011037395747675604,0.0,0.0,0.0,0.0
7,80.1724389748,0.024899005279280247,0.00012720817509214043,0.0,0.0,0.0,0.0,80.172464207425,0.024934890848947688,0.0001260336262515071,0.0,0.0,0.0,0.0,80.1746844651,0.02493073644191958,0.00011234962486330654,0.0,0.0,0.0,0.0
8,77.754947894875,0.02489646660134196,0.00012888260280767783,0.0,0.0,0.0,0.0,77.754950247575,0.02493237439448014,0.00012757092109364683,0.0,0.0,0.0,0.0,77.75748728387501,0.024927679133368658,0.00011411605312192659,0.0,0.0,0.0,0.0
9,75.389964978,0.024894126718090846,0.0001303773323875485,0.0,0.0,0.0,0.0,75.3899448823,0.02493005569091998,0.0001288446291037506,0.0,0.0,0.0,0.0,75.3927883323,0.02492467189264484,0.00011578683647466771,0.0,0.0,0.0,0.0
10,73.0768042405,0.024891939723817633,0.00013174170613098303,0.0,0.0,0.0,0.0,73.07676254715,0.024927902597263456,0.000129924362055876,0.0,0.0,0.0,0.0,73.07990155602499,0.02492166811833158,0.00011744221619032078,0.0,0.0,0.0,0.0
11,70.81478045505,0.024889875164162367,0.00013298625291837443,0.0,0.0,0.0,0.0,70.81471838435,0.02492588074536994,0.00013086087954117633,0.0,0.0,0.0,0.0,70.818141993725,0.024918669052673505,0.0001191136358296875,0.0,0.0,0.0,0.0
12,68.60321145902499,0.02488791399956681,0.00013412323650912705,0.0,0.0,0.0,0.0,68.60313030975,0.024923951600445436,0.00013170080251456406,0.0,0.0,0.0,0.0,68.6068275372,0.02491570825249888,0.0001207953052572651,0.0,0.0,0.0,0.0
13,66.4414173348,0.024886046872418372,0.00013516319343804991,0.0,0.0,0.0,0.0,66.4413184111,0.024922082250174137,0.00013247614711097937,0.0,0.0,0.0,0.0,66.445278052825,0.02491282138148323,0.00012245282031144128,0.0,0.0,0.0,0.0
14,64.32872112507499,0.024884263732451947,0.00013611935305142466,0.0,0.0,0.0,0.0,64.32860583897501,0.02492025636397302,0.0001332113573777343,0.0,0.0,0.0,0.0,64.332816577425,0.024910019620684908,0.0001240625433502772,0.0,0.0,0.0,0.0
15,62.26444838065,0.024882553543765097,0.00013700460217517242,0.0,0.0,0.0,0.0,62.264318240225,0.024918474737145008,0.00013391426452338337,0.0,0.0,0.0,0.0,62.268768621475,0.02490729108045809,0.00012562401248819092,0.0,0.0,0.0,0.0
16,60.247927947475,0.024880905433092265,0.0001378313106671892,0.0,0.0,0.0,0.0,60.24778435075,0.024916742813205345,0.00013458496005223407,0.0,0.0,0.0,0.0,60.25246282455,0.02490462962503545,0.00012714304191206727,0.0,0.0,0.0,0.0
17,58.27849138225,0.024879310533301904,0.00013861194832457882,0.0,0.0,0.0,0.0,58.278335688,0.0249150550499931,0.00013523395166512486,0.0,0.0,0.0,0.0,58.283230731924995,0.02490204986376688,0.0001286034109169858,0.0,0.0,0.0,0.0
18,56.355473398525,0.02487776122154668,0.0001393605670149028,0.0,0.0,0.0,0.0,56.355306935575,0.024913396536353976,0.00013587781855330252,0.0,0.0,0.0,0.0,56.3604069302,0.02489957249291241,0.00012997149353155782,0.0,0.0,0.0,0.0
19,54.478211698225,0.02487625164790079,0.0001400888740844726,0.0,0.0,0.0,0.0,54.47803581025,0.02491175304448232,0.00013652771291592893,0.0,0.0,0.0,0.0,54.4833291481,0.024897206790698692,0.0001312332468909018,0.0,0.0,0.0,0.0
20,52.646047114725,0.02487477700131014,0.000140808233838188,0.0,0.0,0.0,0.0,52.645863143625,0.02491011532054283,0.0001371893820506995,0.0,0.0,0.0,0.0,52.6513382397,0.024894948713509366,0.0001324011942714539,0.0,0.0,0.0,0.0
21,50.858323625450005,0.024873331115888433,0.00014152576367709914,0.0,0.0,0.0,0.0,50.858132882700005,0.024908479702128096,0.00013786627101483964,0.0,0.0,0.0,0.0,50.863778139124996,0.024892787455450743,0.00013349620099396145,0.0,0.0,0.0,0.0
22,49.114388316275004,0.0248719053911604,0.00014224110485884327,0.0,0.0,0.0,0.0,49.114192103725,0.02490684554872103,0.00013856870356748047,0.0,0.0,0.0,0.0,49.119996072899994,0.024890710727721452,0.00013453150324244337,0.0,0.0,0.0,0.0
23,47.413591504450004,0.024870489728711545,0.00014295306667929568,0.0,0.0,0.0,0.0,47.413391034775,0.02490520956709981,0.00013930684519047258,0.0,0.0,1.4012984643248172e-50,4.431272672433088e-48,47.419342363775,0.02488870737281628,0.00013551227999619882,0.0,0.0,1.4012984643248172e-50,4.431272672433089e-48
24,45.75528672709999,0.024869076224099843,0.00014366459188672813,0.0,0.0,4.904544625136859e-50,8.29004843522462e-48,45.75508314875,0.024903568857144565,0.00014008430758335214,0.0,0.0,3.0127916982983566e-49,5.870343127535928e-47,45.761170628725004,0.02488676716759801,0.00013644345862557267,0.0,0.0,2.3822073893521892e-49,5.552345402698316e-47
25,44.1388306498,0.024867659451719374,0.0001443839579270411,0.0,0.0,1.723597111119525e-48,9.96646094998678e-47,44.138625167425,0.024901923641860484,0.00014089517455581762,0.0,0.0,5.373979610685673e-48,6.82376661583876e-46,44.144837749749996,0.024884878186797722,0.00013732674223653323,0.0,0.0,4.210901885296075e-48,6.515751113609631e-46
26,42.563583308575005,0.02486623412963003,0.00014512184850856482,0.0,0.0,3.5109533023658293e-47,1.2653401161652577e-45,42.56337693375,0.024900273850373925,0.00014172338826791758,0.0,0.0,7.995108388205244e-47,7.831742877103898e-45,42.569703897675,0.024883028408046813,0.0001381610418939431,0.0,0.0,6.297435298675728e-47,7.557809493476956e-45
27,41.028907850687496,0.024864793190807106,0.00014588734738959705,0.0,0.0,6.541961880700408e-46,1.5972242526293058e-44,41.0287017386125,0.024898617771109566,0.00014255838431242993,0.0,0.0,1.1523227596759052e-45,8.940729099844945e-44,41.035132393375,0.02488120442330837,0.00013895335483977145,0.0,0.0,9.131281183079806e-46,8.735202301941615e-44
28,39.5341709186375,0.02486332903103903,0.0001466892856034804,0.0,0.0,9.250966084917788e-45,2.0095674063897403e-43,39.5339660173,0.024896950498828663,0.00014339660998944595,0.0,0.0,1.4873402919820574e-44,1.0165236553939539e-42,39.5404899834125,0.024879393338272347,0.00013972128628617414,0.0,0.0,1.18113555805012e-44,1.0053325199927062e-42
29,38.078742319725,0.024861837769709526,0.00014753386127088798,0.0,0.0,1.2595623094626798e-43,2.521607281547998e-42,38.07853958065,0.024895264090904964,0.00014423987353091354,0.0,0.0,1.908065372196785e-43,1.1516701517388811e-41,38.0851466502125,0.024877583355121316,0.0001404841114559749,0.0,0.0,1.5145378136164448e-43,1.152479903530552e-41
30,36.6619952296625,0.02486031965162605,0.000148421419840074,0.0,0.0,1.716962481371379e-42,3.1557100435588653e-41,36.66179558685,0.024893549141613767,0.00014509893645964106,0.0,0.0,2.463273801714459e-42,1.3012224900617064e-40,36.6684757010375,0.024875762965129687,0.00014125539485389496,0.0,0.0,1.9520391269421922e-42,1.3169752611610932e-40
31,35.2833061689375,0.02485877542297356,0.0001493509478140281,0.0,0.0,2.347338243474892e-41,3.939702873264619e-40,35.2831105209625,0.02489179704447277,0.00014598599871643174,0.0,0.0,3.2031184897783857e-41,1.467574678494027e-39,35.289853816275,0.024873921520411967,0.0001420441765532011,0.0,0.0,2.531978647762651e-41,1.5011707840798303e-39
32,33.9420550402375,0.024857202613521368,0.00015032834330891507,0.0,0.0,3.2195777669732658e-40,4.908476723794136e-39,33.9418641940875,0.024889998418064788,0.0001469087970632527,0.0,0.0,4.1964875808238115e-40,1.6538125161875667e-38,33.9486609979625,0.02487205186924897,0.0001428634840688661,0.0,0.0,3.306892567366272e-40,1.7079251745618827e-38
33,32.63762513885,0.0248555970804207,0.00015136152551957713,0.0,0.0,4.431213250553108e-39,6.106216376471087e-38,32.63743983015,0.024888144935127348,0.00014787322874341182,0.0,0.0,5.539721503455182e-39,1.8640542335036943e-37,32.644280709475,0.02487014788672328,0.00014372105875323462,0.0,0.0,4.35034175981616e-39,1.9410852184758923e-37
34,31.369403124475,0.024853951162695884,0.00015246113674885915,0.0,0.0,6.120948904804994e-38,7.589962536627867e-37,31.36922407015,0.024886234036451207,0.00014889466079485268,0.0,0.0,7.36828118101822e-38,2.104079952228142e-36,31.3760997698125,0.024868198079271243,0.0001446019962140942,0.0,0.0,5.765866478249333e-38,2.2061159710643212e-36
35,30.1367791845875,0.024852251129643992,0.00015363542158410723,0.0,0.0,8.486594778809006e-37,9.43392725831907e-36,30.1366069445125,0.02488426270952448,0.00014998979372724046,0.0,0.0,9.873556577223713e-37,2.382232573477149e-35,30.143508424399997,0.024866191433025524,0.00014550850237455388,0.0,0.0,7.69964381078653e-37,2.510055286248475e-35
36,28.9391468807875,0.02485048084061593,0.00015489484638671707,0.0,0.0,1.1811116276762847e-35,1.1736505687629746e-34,28.938981946775,0.02488222264821641,0.00015115736146731695,0.0,0.0,1.332677839901096e-35,2.710287010860682e-34,28.945900364487503,0.024864119255403057,0.00014646839554414797,0.0,0.0,1.0358841588713204e-35,2.8623269551972525e-34
37,27.775903310025,0.024848626790381967,0.000156262044523846,0.0,0.0,1.650041522412534e-34,1.4631196759207042e-33,27.77574603165,0.024880105483224616,0.00015240103716187154,0.0,0.0,1.811356257618631e-34,3.104611655791121e-33,27.782672698037498,0.024861971960142254,0.00014749751989779917,0.0,0.0,1.4037938739462655e-34,3.275536889606285e-33
38,26.646448948725002,0.024846676003281026,0.00015775895498759023,0.0,0.0,2.3138347853343036e-33,1.830357953811866e-32,26.6462996202375,0.024877904480518773,0.00015374016621825013,0.0,0.0,2.4783968051472906e-33,3.5880324857233456e-32,26.653226038612498,0.024859734926018864,0.00014858985944941967,0.0,0.0,1.9156809085205387e-33,3.766485374111384e-32
39,25.55018787745,0.02484460965462029,0.0001593913115341839,0.0,0.0,3.2566523828222987e-32,2.301602721514926e-31,25.5500466607625,0.024875607392303645,0.00015519412333873025,0.0,0.0,3.4124826249464907e-32,4.192635735926721e-31,25.5569644957125,0.024857394985761495,0.00014974029568175324,0.0,0.0,2.6316076213757156e-32,4.357937315210065e-31
40,24.4865276349625,0.02484240853784606,0.00016117185615226716,0.0,0.0,4.600050717444e-31,2.9145163457917583e-30,24.486394600587502,0.02487319088263437,0.00015673853485114898,0.0,0.0,4.726434157885788e-31,4.9638190448330575e-30,24.493295673575002,0.024854936041962355,0.00015094866278087877,0.0,0.0,3.63773843847909e-31,5.081912168542328e-30
41,23.4548793597875,0.02484005139988847,0.00016312301717104032,0.0,0.0,6.519891400341912e-30,3.723362445635625e-29,23.454754417012502,0.02487063341371715,0.00015837743704349625,0.0,0.0,6.582418623024143e-30,5.966339533955622e-29,23.461630759425,0.024852337284563108,0.0001522351420172899,0.0,0.0,5.057973090151266e-30,5.984951105743367e-29
42,22.454657728175,0.024837511367024855,0.0001652648410364932,0.0,0.0,9.270963703903053e-29,4.806748161177177e-28,22.45454067325,0.02486790667165071,0.00016014175316185036,0.0,0.0,9.213956289918159e-29,7.292407589434491e-28,22.461384547,0.02484957403767854,0.00015363622604918986,0.0,0.0,7.070796584442414e-29,7.135483963322719e-28
43,21.485281023324998,0.02483475349462591,0.00016761958650404591,0.0,0.0,1.3222811033730021e-27,6.279076335823326e-27,21.48517155055,0.024864970197286458,0.00016206078503234482,0.0,0.0,1.295784489252797e-27,9.07362458992251e-27,21.491975408412504,0.024846610147673635,0.00015517990762993272,0.0,0.0,9.93372096609135e-28,8.634493433173233e-27
44,20.54617117836875,0.02483172896041535,0.00017026483245483864,0.0,0.0,1.891173944312895e-26,8.306327352275778e-26,20.54606891213125,0.024861780139673502,0.000164186370795782,0.0,0.0,1.8300509046465656e-26,1.1499280447103818e-25,20.552825499825,0.024843395445318894,0.00015689058596484218,0.0,0.0,1.4018725014692928e-26,1.063227628292945e-25
45,19.63675388545,0.02482836232582107,0.0001733447440943932,0.0,0.0,2.711603373901974e-25,1.112858449766814e-24,19.6366583356,0.024858285169377922,0.00016660297678208234,0.0,0.0,2.5944822443996906e-25,1.484210422678439e-24,19.6433607652625,0.02483987006077543,0.0001588174316719063,0.0,0.0,1.9863482992090645e-25,1.3352588182120888e-24
46,18.756458558625,0.02482453947180882,0.00017706138447777097,0.0,0.0,3.896462007019337e-24,1.5093125610292994e-23,18.756369215299998,0.024854413692085072,0.0001694009921592531,0.0,0.0,3.690625169364774e-24,1.949393301010811e-23,18.76301105396875,0.024835952627919614,0.00016105349050177654,0.0,0.0,2.824505519139013e-24,1.712479568645009e-23
47,17.9047184904,0.024820094503713773,0.00018165051577394265,0.0,0.0,5.60931769596833e-23,2.0702204898040611e-22,17.90463478429375,0.024850063841082157,0.0001726930405358086,0.0,0.0,5.265062058252678e-23,2.6017405772002685e-22,17.9112102193875,0.02483151648064144,0.00016368068178532782,0.0,0.0,4.0285659504703904e-23,2.2428869753467805e-22
48,17.08097088943125,0.024814803309505806,0.00018746018307948435,0.0,0.0,8.086666289745804e-22,2.8681177082546455e-21,17.08089233070625,0.024845088578946888,0.00017661994442485018,0.0,0.0,7.529025699887106e-22,3.521997193075792e-21,17.087396156281248,0.024826375972460957,0.0001667599439234913,0.0,0.0,5.760299166564923e-22,2.9957986905296785e-21
49,16.284656973525,0.024808332409774883,0.00019510640107674084,0.0,0.0,1.1669336155288244e-20,4.007502778702972e-20,16.2845830434125,0.024839271631874143,0.00018142416213636362,0.0,0.0,1.0785952626104776e-20,4.825791189732221e-20,16.29101102723125,0.0248202753569372,0.00017046691869815643,0.0,0.0,8.252167552436318e-21,4.070721751025234e-20
50,15.51522194365,0.024800131727708504,0.00020570226188908406,0.0,0.0,1.6846193062328203e-19,5.638328572315381e-19,15.51515233640625,0.024832306227525695,0.00018752020238675752,0.0,0.0,1.546984269472104e-19,6.6782055437799e-19,15.521500916231249,0.02481283496708609,0.00017514534153598304,0.0,0.0,1.1836769262640425e-19,5.609876628573877e-19
51,14.772115096981251,0.024789238572055474,0.00022133500729546409,0.0,0.0,2.431320548916961e-18,7.974278812464351e-18,14.772049613850001,0.024823708869097755,0.00019554894249462835,0.0,0.0,2.2196922444302366e-18,9.313583118844547e-18,14.778316062237499,0.024803447947353126,0.0001814083160635863,0.0,0.0,1.698642996120447e-18,7.81519103627284e-18
52,14.054789833856251,0.024773945841332898,0.0002460980320166554,0.0,0.0,3.505042989884564e-17,1.1316663492930008e-16,14.0547284374875,0.024812652835156768,0.0002065596745057261,0.0,0.0,3.1833123357649456e-17,1.3061526533124694e-16,14.06091068821875,0.024791078864010052,0.00019031997679955134,0.0,0.0,2.436499126011465e-17,1.0970963818160792e-16
53,13.3627039138625,0.024750862218607218,0.00028863620896659635,0.0,0.0,5.041942957479959e-16,1.6084833410497031e-15,13.3626464899125,0.024797663979874925,0.0002225676260113789,0.0,0.0,4.557887954556425e-16,1.8379703589423092e-15,13.368742933693749,0.024773868261240423,0.0002038322456330871,0.0,0.0,3.48930024785956e-16,1.5472235345221251e-15
54,12.6953196539,0.024712227923171595,0.00037080908763697867,0.0,0.0,7.226185702951592e-15,2.2846366394583018e-14,12.695265803075,0.024775787389343603,0.00024783481821957234,0.0,0.0,6.505358320051449e-15,2.5886033155011088e-14,12.7012748202875,0.02474829163648188,0.00022601959060082144,0.0,0.0,4.9812847221724814e-15,2.1852871208611566e-14
55,12.05210440166875,0.024636154267154636,0.0005654198818395206,0.0,0.0,1.0296409543369508e-13,3.233958611992388e-13,12.05205286435,0.024740303052663802,0.0002930158595219732,0.0,0.0,9.235140539330802e-14,3.638290352675353e-13,12.05797211864375,0.024707042175093667,0.0002669349879053953,0.0,0.0,7.073072954678713e-14,3.080604745057154e-13
56,11.43253238388125,0.024464663751525804,0.0010791929064757385,1.007945577598055e-44,2.4713000236399153e-43,1.4549799412487984e-12,4.548741032797147e-12,11.432479932275,0.024673770640185104,0.00038984466332712205,1.1551337643953407e-44,3.069834491828062e-43,1.3007229953206308e-12,5.0869522214210976e-12,11.438304951800001,0.024633088961839675,0.0003553573459798664,6.581023075393462e-45,1.8927728017129343e-43,9.964327277854921e-13,4.3197383885672195e-12
57,10.836083076724998,0.02413367937871022,0.001989975435415685,2.157541060137768e-43,2.8954594418256274e-42,2.029387540012607e-11,6.32283177987127e-11,10.83602722739375,0.02452399038573727,0.0006544912879333681,1.7610622969266365e-43,3.2549624293312443e-42,1.808730118764468e-11,7.035036281880097e-11,10.84175034821875,0.02448129159351811,0.0005870623746513163,1.5309963443396327e-43,2.6943955102832488e-42,1.3860303631781137e-11,5.990333184429599e-11
58,10.262239877296874,0.02365814488423057,0.0029496562299840363,5.001826212657309e-28,8.06118028267808e-27,2.7703833851177397e-10,8.612697181866623e-10,10.262188713596876,0.024150916226147675,0.0013968756082878345,6.097745990889588e-28,1.0137574200944541e-26,2.462478290187289e-10,9.54192781612275e-10,10.267800040584376,0.02413472973815631,0.0012227252353746733,3.306528231012477e-28,6.2167477393766795e-27,1.887667960605021e-10,8.144748761979788e-10
59,9.710482985471875,0.02305308604414109,0.003820340253131734,2.171913949139103e-26,2.27946693411576e-25,3.6739564109672164e-09,1.1411409774885973e-08,9.710471050065625,0.023368789975401014,0.00278954588076579,2.1653365934365654e-26,2.6866018426001986e-25,3.2575644867031054e-09,1.2595696412018218e-08,9.71596360265,0.023414617797217797,0.0024563869028726587,1.758725389291757e-26,2.196920629954148e-25,2.4985485878527714e-09,1.0777396356748678e-08
60,9.18030102474375,0.022295236729758326,0.004631380596568808,1.3934956164525975e-12,2.42413006503896e-11,4.6012736902535415e-08,1.423693215819435e-07,9.18039676078125,0.02212773732125992,0.004425932068755498,2.0207143334077536e-12,4.7585168953768007e-11,4.064336803641958e-08,1.5641213434427685e-07,9.185768472440625,0.02221712334887474,0.00391606285114589,1.04078737183648e-12,2.4963080561484155e-11,3.123327290638118e-08,1.3432933580563925e-07
61,8.671191920178126,0.021271412631494457,0.005352984798145105,2.656213481301258e-09,2.642346491997124e-08,5.024005941868629e-07,1.547231470872197e-06,8.6715007497875,0.020377162774954924,0.0057792907006841135,3.0620356501418674e-09,3.3947968243248894e-08,4.4177399775441213e-07,1.6917817953859321e-06,8.6767496255375,0.02039883608723874,0.005097368512339083,1.8782622612813187e-09,2.3285570086512176e-08,3.406207303635662e-07,1.4598737727860965e-06
62,8.1827776902125,0.01903765459006652,0.00552548737579965,6.800444556697354e-05,0.00021965089453692083,4.019980679661631e-06,1.1866769803421015e-05,8.183400466315625,0.017450463566585677,0.0062150448330516184,5.618131542350792e-05,0.00021409309624548565,3.4626130346207173e-06,1.2714446358176902e-05,8.18849186769375,0.017402110036342056,0.00548593185666038,3.860062630876564e-05,0.00017287925532902888,2.7108109551231916e-06,1.1165091324772896e-05
63,7.714800172784375,0.014619558209322859,0.004279421674655336,0.0007508019054256228,0.001474662203746379,5.207360082014761e-06,1.40879951493514e-05,7.7157352653375,0.01304295559817052,0.0050183019888903274,0.0005295845780254025,0.0013397834864429601,4.367429247234586e-06,1.4927042313525155e-05,7.7205884233125,0.013123761361147044,0.004432695826839268,0.00043875527611805814,0.0012217600832360057,3.6044056349159853e-06,1.3391441872265456e-05
64,7.266784075646876,0.010307117536399747,0.0029836359847984894,0.0006647520226327715,0.0017021589063940898,4.400398582346953e-06,1.3332352464384602e-05,7.267933087090626,0.009144220427366671,0.0035093981567839105,0.0005285330346859023,0.0016620238648387528,3.83828885757993e-06,1.4249620830302201e-05,7.272485390437501,0.009334072418010328,0.0031728477655373877,0.0004566818878154728,0.0015230080512285227,3.2400713283151245e-06,1.2852321395228665e-05
65,6.83805972301875,0.007201311875333777,0.002113785842674662,0.0004677617662817303,0.0014920383825536058,3.7057775215448648e-06,1.2081747376732682e-05,6.8392999215625006,0.006502271389364032,0.0023642808245858864,0.0004110587086133208,0.0015495680846922002,3.3099809408919257e-06,1.3014516252442799e-05,6.84356336529375,0.006649545593239018,0.002240624789543671,0.0003531894714282026,0.0014160647443206952,2.854350269066459e-06,1.1804689299440291e-05
66,6.42803038041875,0.005073273016373859,0.0015551406356048916,0.0003540834390736527,0.0012307111377249124,3.3839480387731614e-06,1.100525366795556e-05,6.429258391765625,0.004734513987287646,0.001615258603009498,0.00031753923965485134,0.0013315435018581966,3.0360271024558694e-06,1.1838394434433702e-05,6.4332808238375,0.004763884709320846,0.0015924119243650406,0.000271471171695709,0.0011936993760792664,2.6831166205204928e-06,1.0780887296626857e-05
67,6.036194050840625,0.00351995547032755,0.0010961352249605084,0.00032023676937418925,0.0010933385379803637,3.269395965393342e-06,1.0193516184957988e-05,6.037373619853126,0.0034103402585478034,0.001082808783788369,0.00027793165731551157,0.001189508683214656,2.954461563693587e-06,1.086578580698241e-05,6.041164805253125,0.0033924116401589707,0.001081263136732691,0.00024109099994913013,0.0010507371709555485,2.655698474913127e-06,9.925392504798143e-06
68,5.6620512081,0.0024285581412702593,0.0007577233813449941,0.0002934905625082352,0.0009938813248986207,3.1699618233112035e-06,9.45348540990693e-06,5.663222141140625,0.0024165547122078717,0.0007365595550767125,0.00024874004598249316,0.0010657895817650167,2.9093390350797406e-06,9.959085891393233e-06,5.6667445026843755,0.0024150319617410425,0.0007114046657518538,0.0002194593203651933,0.0009382003634891521,2.6446984149354685e-06,9.139758251161793e-06
69,5.305084264203125,0.0016677734853300353,0.0005143284865952552,0.0002669482968449083,0.000901956795761984,3.0766121751259035e-06,8.738800423814272e-06,5.306296210146875,0.001681564596609096,0.0005063532421375205,0.0002239026071945662,0.0009512558109367777,2.8908053469932936e-06,9.120576976326228e-06,5.3095214588531245,0.0017021872214880568,0.0004662475315357223,0.0002005446828811304,0.0008399656167122842,2.651439861396211e-06,8.423863362453195e-06
70,4.9647547962734375,0.0011365367402814627,0.00034580234118947433,0.00023723049035179506,0.0008042284588523853,3.0011438186776516e-06,8.05961221490891e-06,4.966022129654688,0.001149498720573356,0.00034751754986064436,0.00020140856435583532,0.0008397858957565161,2.8967626231458828e-06,8.36735673781716e-06,4.968962133104688,0.0011744972776885152,0.00031455902572488355,0.0001832426869014274,0.0007473664661313378,2.670397204557738e-06,7.772144014527391e-06
71,4.64051177204375,0.0007637245025293487,0.00023092931934262932,0.00020878828186037665,0.0007114275074160028,2.950660143135273e-06,7.4431940807892135e-06,4.641828515590625,0.000774229395836528,0.00023393137969121653,0.00018089352109805176,0.0007373051387063134,2.9179557111904386e-06,7.71389110088749e-06,4.644514846340625,0.0007918735973223602,0.00021393398286700745,0.00016756172293728584,0.0006633245925629816,2.6935576046957976e-06,7.190622361514915e-06
72,4.331813163878125,0.0005050313862289431,0.00015206409591058084,0.00018508237430006454,0.0006294135047371468,2.919689397734573e-06,6.903001156814061e-06,4.333168149607813,0.0005142889145624894,0.00015227391774014755,0.00016347291108561535,0.000647717380405661,2.942785889483215e-06,7.161143283745972e-06,4.335632203720313,0.0005237556362431587,0.00014201794918578605,0.00015359955350958978,0.0005893709643008105,2.7142344943233978e-06,6.686069479834117e-06
73,4.038146379310938,0.00032922557933885856,9.732478717335397e-05,0.0001662790157104483,0.000559939116260242,2.8961983803801238e-06,6.44345668735618e-06,4.03952546919375,0.0003367426232894832,9.565139053846613e-05,0.00014989378606060336,0.0005739179888084096,2.9623299475293273e-06,6.702082455214759e-06,4.041794132873438,0.0003410920919257069,9.100136568511039e-05,0.00014180026892129122,0.0005259777146867192,2.7268339169275312e-06,6.258497558492261e-06
74,3.7590315212109378,0.00021192773411754843,5.970926135596114e-05,0.00015138307254705798,0.00050201110350682,2.8710582853339695e-06,6.06068726962641e-06,3.7604208180703123,0.00021712315501507874,5.7746001707743e-05,0.00013938640060653134,0.000513878449286225,2.9704331365378866e-06,6.325349787934766e-06,3.7625159581671874,0.000218945851003798,5.581280541960035e-05,0.00013202054273358786,0.000473571202354108,2.7280315360208095e-06,5.902556020315585e-06
75,3.4940098680515623,0.0001347016959289431,3.445570498910789e-05,0.00013935051261612058,0.00045334117406681484,2.840777153333427e-06,5.745625201388735e-06,3.495398409690625,0.00013780292005928003,3.3025181059950476e-05,0.00013053060260369574,0.00046280819448677005,2.966255247127334e-06,6.017153097667404e-06,3.497336663564062,0.00013850435911047954,3.227204259784043e-05,0.00012387609084929744,0.0004311494001109461,2.7179837668836183e-06,5.608196978300985e-06
76,3.242636483676563,8.435213670560188e-05,1.8127677221080156e-05,0.0001294126327246192,0.0004124833297379051,2.8069801593989395e-06,5.487454086973541e-06,3.244016522440625,8.600088542519644e-05,1.7383891381867257e-05,0.00012308688240772898,0.00042201198011828847,2.953925187547188e-06,5.766880809122033e-06,3.245810546092187,8.624143209719478e-05,1.7048166415525017e-05,0.00011710105421316944,0.00039700736249688033,2.7001260279274675e-06,5.363769542633201e-06
77,3.0044752349,5.1786082045268815e-05,8.226026801419224e-06,0.0001211837520340974,0.00037914085299376094,2.7737822321565808e-06,5.275908223856516e-06,3.0058416459437503,5.256920270249793e-05,8.004157230101517e-06,0.00011731631918170002,0.00038934783612431384,2.9388280811434165e-06,5.564658781756985e-06,3.0075012754359376,5.264891415787133e-05,7.770261460076031e-06,0.00011137353984696824,0.00036871047010354324,2.6793149329092893e-06,5.159776538014561e-06
78,2.7790967736843752,3.080772044401556e-05,2.9885067883441773e-06,0.00011498925396775624,0.0003525386955264862,2.745383539731563e-06,5.101894881020209e-06,2.780446353639063,3.1170050963733045e-05,2.9760593775291975e-06,0.00011321129671797278,0.00036309753821480475,2.925584382955666e-06,5.401583310451974e-06,2.7819795521968746,3.119970005876894e-05,2.8387413713410937e-06,0.00010664015437686395,0.0003446127326135167,2.6605098229819467e-06,4.990527054148957e-06
79,2.566077485767969,1.7507527173659127e-05,8.482639672218514e-07,0.00011077864780753384,0.0003307348627849794,2.724304685069043e-06,4.958724757588403e-06,2.567408151190625,1.771306306809265e-05,8.700250345741417e-07,0.00011059274798015015,0.0003424868681449254,2.917384565356027e-06,5.269285547305258e-06,2.5688216131742188,1.769182611412589e-05,8.277034076805917e-07,0.00010314705194391715,0.00032400956319877526,2.647378624941288e-06,4.851568249186954e-06
80,2.36500086353125,9.514123746223505e-06,2.6739877665777554e-07,0.00010838846169576928,0.0003133022284152582,2.7113116165440056e-06,4.842938985668949e-06,2.3663110841374997,9.633836652881201e-06,2.83663804043968e-07,0.00010967523008843562,0.00032800712026106186,2.9156487639607853e-06,5.1613840140304755e-06,2.3676105393078126,9.613049035035602e-06,2.6385462934070654e-07,0.00010089445882814403,0.0003066921954566854,2.6415476456848363e-06,4.739605121693663e-06
81,2.175456777874219,4.981156754691938e-06,1.315201370545813e-07,0.00010799016065517925,0.00030053338888906615,2.7048558318685066e-06,4.749060360746215e-06,2.176745719496875,5.050687067794115e-06,1.4214944133294527e-07,0.00011073052731819411,0.00031970438200519687,2.919029184003126e-06,5.069809400076736e-06,2.1779363265640628,5.038625468896498e-06,1.2711445215486481e-07,0.0001000822074453778,0.0002932180997377985,2.642338201529837e-06,4.649770414908994e-06
82,1.9970354991820312,2.5159876884617917e-06,6.944500824664711e-08,0.00010931985747966372,0.00029182425890024357,2.702278363298678e-06,4.67107039198476e-06,1.9983027261750002,2.5545075855825416e-06,7.684647797627416e-08,0.00011341631703273222,0.0003158963003086023,2.9248381599403573e-06,4.9871869363677795e-06,1.9993893357515626,2.547138502860662e-06,6.804334421641146e-08,0.00010068452737871259,0.0002842079359232178,2.6480169911743446e-06,4.577375320973905e-06
83,1.829329424103125,1.2238087044028134e-06,3.587780223866078e-08,0.00011203116321192738,0.00028636954886251855,2.7012833220335253e-06,4.603326036403554e-06,1.8305741342406252,1.2443805462669389e-06,4.037492360605916e-08,0.00011723933985797827,0.0003143277023207594,2.930896057890706e-06,4.908199082303667e-06,1.8315613563093749,1.239983055072571e-06,3.552319784598033e-08,0.0001027003330184364,0.0002790445032446012,2.6568970848880547e-06,4.517644994690112e-06
84,1.671938426825,5.717431809642904e-07,1.7956850890273392e-08,0.00011599540838609734,0.00028382825198580876,2.700041181026389e-06,4.541268427453872e-06,1.673159634960156,5.822924220876757e-07,2.0472678849232646e-08,0.00012212917109392037,0.00031367158999614196,2.9357066881949656e-06,4.830061992353811e-06,1.6740518820109376,5.798090437852466e-07,1.794906425143673e-08,0.00010619611815455585,0.0002766280599551024,2.6672211314676543e-06,4.466852780321216e-06
85,1.524470215453125,2.5575453753475587e-07,8.653709063441888e-09,0.0001212410342735484,0.0002841704740819494,2.6967666885263243e-06,4.4806662540881955e-06,1.5256667589929689,2.6093316494510076e-07,9.968694934836953e-09,0.0001282628074210686,0.00031408972066495207,2.9377529363294387e-06,4.750764416044699e-06,1.5264684386835936,2.5960435544462257e-07,8.703088646731443e-09,0.00011101001966914452,0.000275707218302954,2.676975586014931e-06,4.421831426006868e-06
86,1.3865386533835937,1.0914147493700455e-07,3.9977336950297306e-09,0.00012764449052273108,0.0002864327352709307,2.6894942544422308e-06,4.417860259969943e-06,1.3877093167546874,1.115711961189092e-07,4.648762557631073e-09,0.00013575140330390867,0.0003157692212583742,2.935143190664178e-06,4.66816188438568e-06,1.388424821313281,1.1089423502362194e-07,4.030827118564835e-09,0.00011697549812786918,0.0002761784080381159,2.6842791843609514e-06,4.380348025151882e-06
87,1.2577631828949218,4.4255342463319635e-08,1.757897897661883e-09,0.00013502891229661657,0.0002903861800261833,2.6762793628464366e-06,4.349804717648822e-06,1.2589066252917969,4.533773049685053e-08,2.059585699729646e-09,0.0001444120705302015,0.0003182539803443814,2.9256327957729943e-06,4.579312027788661e-06,1.259540490609375,4.501587763513726e-08,1.7777356921080468e-09,0.00012425532478249808,0.00027869247221287333,2.6873835032761394e-06,4.339869011817879e-06
88,1.1377684990421875,1.697000511230673e-08,7.349122061142653e-10,0.00014323527866954747,0.0002963923978080082,2.6553229239780673e-06,4.274161262774675e-06,1.1388832649101563,1.742584434492045e-08,8.640718378573126e-10,0.00015391046941448452,0.00032122920685774027,2.9071175050704845e-06,4.4826586205799335e-06,1.1394402623753905,1.7284338422189904e-08,7.450581523074979e-10,0.00013280359875150765,0.0002827533096783223,2.6841545064374197e-06,4.2972413221085285e-06
89,1.0261850179664063,6.124775602849297e-09,2.8865480026391193e-10,0.00015195540573870232,0.00030280193543801427,2.6248566430562726e-06,4.187563852942669e-06,1.0272693098449217,6.304024790224627e-09,3.3917206725565476e-10,0.0001636979721081508,0.00032382600684301106,2.8777895772463858e-06,4.376659503662581e-06,1.0277546375210938,6.2474019128644365e-09,2.938576395609702e-10,0.00014255517969012432,0.0002880151054909806,2.6722900607049383e-06,4.248162101080889e-06
90,0.9226479134332031,2.0667840126042947e-09,1.0661417687827855e-10,0.00016122390851190915,0.000306950636165281,2.5835176947479076e-06,4.089943746730917e-06,0.9236997691996094,2.132867327687693e-09,1.251528155445978e-10,0.00017385378712885086,0.00032590191163864134,2.836644199134195e-06,4.26260436916021e-06,0.9241187657761719,2.1117754056876324e-09,1.0873482948269881e-10,0.00015350425425271822,0.0002946104372048917,2.6494287387899097e-06,4.190019292427041e-06
91,0.8267989549218749,6.490581603665891e-10,3.630242859936417e-11,0.0001712107237394639,0.0003092472788550775,2.5296294323419132e-06,3.9795023507818944e-06,0.8278162167863281,6.715317645039631e-10,4.271905081343483e-11,0.00018522719355312006,0.0003293233463223254,2.782235227203653e-06,4.1380375322371466e-06,0.8281742993425781,6.643663872440974e-10,3.732209572425353e-11,0.00016599829438705796,0.00030312807102690734,2.6129846190626703e-06,4.1178046399896066e-06
92,0.7382839764625,1.8774833144566405e-10,1.1811471150395766e-11,0.000183362381487716,0.00031705960545376255,2.4612826983894553e-06,3.8570033212109885e-06,0.7392647738109375,1.949105437822063e-10,1.3901084071469305e-11,0.0001996562810567548,0.00033810228836277236,2.7117666632119076e-06,4.002259097014361e-06,0.7395669637378907,1.925793928325703e-10,1.21120112495036e-11,0.00018130505213456103,0.00031799298600197426,2.5595938419841557e-06,4.0285917989591165e-06
93,0.6567637852748047,5.032977652551229e-11,3.7966548147659716e-12,0.00019927474717555923,0.00033336420576456744,2.374184795585168e-06,3.7115451173275443e-06,0.6577057931935547,5.2389233114302075e-11,4.459673540811061e-12,0.00021858108532252232,0.00035455118997495107,2.619471005947993e-06,3.844682337661174e-06,0.6579566145679688,5.167115671561237e-11,3.9017626452729104e-12,0.00020095123973254886,0.0003417876843273715,2.483997842566108e-06,3.91025020628473e-06
94,0.5819032473216796,1.2251047543567622e-11,1.0278688202191027e-12,0.00021996130071223887,0.00035830804362904677,2.258995547629863e-06,3.526212855587294e-06,0.5828043798169922,1.2800694511221413e-11,1.2058998655217215e-12,0.00024243805867315814,0.000379907595509601,2.494476678169306e-06,3.64824576116767e-06,0.5830086178787109,1.261257098728822e-11,1.0752990767637433e-12,0.00022585927400340552,0.00037499929571349985,2.3757176188475837e-06,3.7437478387002476e-06
95,0.5133530775011719,2.6379514969166254e-12,2.4343509511463644e-13,0.00024667297308993965,0.0003944499779481862,2.1044959676795294e-06,3.2825219650722175e-06,0.5142114555146484,2.76582212701236e-12,2.8502148316217705e-13,0.00027236857620143725,0.00041636509349821164,2.3248583098718314e-06,3.394443349767815e-06,0.5143743653748047,2.7226064271471377e-12,2.585144839604081e-13,0.000256977427932186,0.00041957430174288874,2.222301417117385e-06,3.5094343740441946e-06
96,0.45077130730253906,5.01795291621269e-13,5.1419940663673105e-14,0.0002815242440631533,0.00044541494703467235,1.8970992425318522e-06,2.958347635741266e-06,0.4515850195949219,5.281771784031803e-13,6.007556699592605e-14,0.0003107920870532666,0.0004672384224826533,2.0965921979628053e-06,3.061317010166867e-06,0.45171170098125,5.195100091514606e-13,5.556401393510388e-14,0.00029677018482566667,0.000479379498228079,2.0095576789443958e-06,3.1835216888364776e-06
97,0.3938340798525391,8.339781666196264e-14,9.828136913214836e-15,0.00032889030583085004,0.0005180110692909037,1.6173431809364613e-06,2.5231018641791687e-06,0.3946018991529297,8.822522158284185e-14,1.1433563722587119e-14,0.0003633367494100014,0.000543001146540642,1.7889591058838e-06,2.616266971492752e-06,0.3946970983238281,8.666923607852012e-14,1.0792063772283373e-14,0.00035024828824803877,0.000563885408711529,1.7164886793512668e-06,2.7308536616328873e-06
98,0.34223420259746096,1.2108239133421438e-14,1.630886192066284e-15,0.0003965590628570908,0.000622087905967116,1.2357381497706643e-06,1.9275027806965615e-06,0.3429550569304688,1.2875599576022655e-14,1.910644615682572e-15,0.00044029361718138496,0.0006546572422892818,1.3688286312242693e-06,2.003456178631128e-06,0.3430236912921875,1.2653185013601454e-14,1.8553692127658116e-15,0.0004245595117727788,0.0006838934745421755,1.310715213964191e-06,2.0956881382347057e-06
99,0.29577347999541015,1.967323857849334e-15,3.9633774968246293e-16,0.0004708462088733501,0.0007280599435498476,7.096868756756013e-07,1.1045340528661706e-06,0.29645023959335937,2.124685613629124e-15,4.683340425555689e-16,0.0005215148068785527,0.0007585332199295042,7.856118579198657e-07,1.1470987478950646e-06,0.2964977022875,2.0878017014064418e-15,4.692470691879009e-16,0.0004962476219415493,0.0007952499072937137,7.474559786874735e-07,1.2020485471073222e-06
