level,-nu-0.01_pressure_bar,-nu-0.01_H2O_vapor_mean,-nu-0.01_H2O_vapor_std,-nu-0.01_H2O_l__mean,-nu-0.01_H2O_l__std,-nu-0.01_H2O_l_p__mean,-nu-0.01_H2O_l_p__std,-nu-0.1_pressure_bar,-nu-0.1_H2O_vapor_mean,-nu-0.1_H2O_vapor_std,-nu-0.1_H2O_l__mean,-nu-0.1_H2O_l__std,-nu-0.1_H2O_l_p__mean,-nu-0.1_H2O_l_p__std,-nu-1.0_pressure_bar,-nu-1.0_H2O_vapor_mean,-nu-1.0_H2O_vapor_std,-nu-1.0_H2O_l__mean,-nu-1.0_H2O_l__std,-nu-1.0_H2O_l_p__mean,-nu-1.0_H2O_l_p__std,-nu-10.0_pressure_bar,-nu-10.0_H2O_vapor_mean,-nu-10.0_H2O_vapor_std,-nu-10.0_H2O_l__mean,-nu-10.0_H2O_l__std,-nu-10.0_H2O_l_p__mean,-nu-10.0_H2O_l_p__std,-nu-100.0_pressure_bar,-nu-100.0_H2O_vapor_mean,-nu-100.0_H2O_vapor_std,-nu-100.0_H2O_l__mean,-nu-100.0_H2O_l__std,-nu-100.0_H2O_l_p__mean,-nu-100.0_H2O_l_p__std,-nu-1000.0_pressure_bar,-nu-1000.0_H2O_vapor_mean,-nu-1000.0_H2O_vapor_std,-nu-1000.0_H2O_l__mean,-nu-1000.0_H2O_l__std,-nu-1000.0_H2O_l_p__mean,-nu-1000.0_H2O_l_p__std
0,98.555092425,0.024964586135931312,4.4298887651719606e-07,0.0,0.0,0.0,0.0,98.57749088999999,0.024964662745594977,7.188217259614724e-07,0.0,0.0,0.0,0.0,98.57950717499999,0.024964660197496415,8.432908501411451e-07,0.0,0.0,0.0,0.0,98.642168835,0.02496452344674617,9.590899869197486e-10,0.0,0.0,0.0,0.0,100.37322096000001,0.024964522570371628,0.0,0.0,0.0,0.0,0.0,104.14376702,0.024964522570371628,0.0,0.0,0.0,0.0,0.0
1,95.75128692,0.024978026351891457,2.4791966987859164e-05,0.0,0.0,0.0,0.0,95.77314943,0.02498569324333221,4.020817613108137e-05,0.0,0.0,0.0,0.0,95.77527539999998,0.024989377474412322,5.1681156457852156e-05,0.0,0.0,0.0,0.0,95.83675446000001,0.024964533861726524,2.301005067857325e-08,0.0,0.0,0.0,0.0,97.52273448000001,0.024964580387808383,5.230676048746701e-10,0.0,0.0,0.0,0.0,101.19128722999999,0.024964610235765575,8.041747979068427e-09,0.0,0.0,0.0,0.0
2,93.00621296499999,0.024979519956745206,2.870095424547681e-05,0.0,0.0,0.0,0.0,93.02763739499999,0.02498594254627824,4.5807909940432353e-05,0.0,0.0,0.0,0.0,93.03010554,0.024993463799357414,5.586078282740433e-05,0.0,0.0,0.0,0.0,93.09272772,0.024964533562771975,3.0136988241705156e-08,0.0,0.0,0.0,0.0,94.743517,0.024964578458108008,1.246685805767203e-10,0.0,0.0,0.0,0.0,98.32237676000001,0.02496460799127817,2.172518269989391e-09,0.0,0.0,0.0,0.0
3,90.31761903,0.02498000236786902,3.237759397284521e-05,0.0,0.0,0.0,0.0,90.33862168,0.02498743198812008,4.8113645010064496e-05,0.0,0.0,0.0,0.0,90.34147226500001,0.024994826611131428,5.849278044872907e-05,0.0,0.0,0.0,0.0,90.40818261499999,0.024964526793919504,2.7143600148238084e-08,0.0,0.0,0.0,0.0,92.03378550000001,0.024964577382430433,9.2134307138082e-10,0.0,0.0,0.0,0.0,95.5346685,0.02496460635215044,2.60770320892334e-10,0.0,0.0,0.0,0.0
4,87.684941885,0.02498075707256794,3.496970434207022e-05,0.0,0.0,0.0,0.0,87.70552051000001,0.02498691820167005,4.9592206193710884e-05,0.0,0.0,0.0,0.0,87.708739145,0.024993850173428655,5.7484638013316204e-05,0.0,0.0,0.0,0.0,87.78195431,0.024964523425325753,2.7549354141650843e-08,0.0,0.0,0.0,0.0,89.3918025,0.024964576545171438,2.7623567636988863e-10,0.0,0.0,0.0,0.0,92.82586654999999,0.024964604564011096,2.60770320892334e-10,0.0,0.0,0.0,0.0
5,85.10746674,0.02498273440077901,3.417871888451751e-05,0.0,0.0,0.0,0.0,85.12761995999999,0.02498562973830849,5.078968898156112e-05,0.0,0.0,0.0,0.0,85.1311952,0.024992096486501397,5.568290354589019e-05,0.0,0.0,0.0,0.0,85.212958255,0.024964527299627663,2.7881843033457898e-08,0.0,0.0,0.0,0.0,86.8158895,0.024964574730955064,1.1000256181869682e-10,0.0,0.0,0.0,0.0,90.19373562999999,0.024964602664113045,0.0,0.0,0.0,0.0,0.0
6,82.5845444375,0.02498479827865958,3.344339298639307e-05,0.0,0.0,0.0,0.0,82.60426878999999,0.024984389536082743,5.150605795012015e-05,0.0,0.0,0.0,0.0,82.608175735,0.024990893127396704,5.453259524625768e-05,0.0,0.0,0.0,0.0,82.7001178625,0.02496453684475273,2.546531361731041e-08,0.0,0.0,0.0,0.0,84.30442099999999,0.024964573758654296,9.306848659826253e-10,0.0,0.0,0.0,0.0,87.63610628,0.024964600801467896,0.0,0.0,0.0,0.0,0.0
7,80.115472295,0.02498572884313762,3.569752428010176e-05,0.0,0.0,0.0,0.0,80.1347670975,0.02498339777812362,5.299117829963827e-05,0.0,0.0,0.0,0.0,80.138993025,0.024990293256007136,5.449728167257536e-05,0.0,0.0,0.0,0.0,80.24239272,0.024964542658068238,2.2978584354073596e-08,0.0,0.0,0.0,0.0,81.855819,0.024964572858065366,8.321668171766651e-11,0.0,0.0,0.0,0.0,85.150871,0.024964598938822746,0.0,0.0,0.0,0.0,0.0
8,77.6995606325,0.024985609215684237,3.741548801647756e-05,0.0,0.0,0.0,0.0,77.7184391225,0.02498266893438995,5.3724302582490425e-05,0.0,0.0,0.0,0.0,77.7229642775,0.02498981185629964,5.442154733286361e-05,0.0,0.0,0.0,0.0,77.8387910225,0.024964530751109125,2.175529155352399e-08,0.0,0.0,0.0,0.0,79.468555,0.024964571060612797,3.3273641472461615e-10,0.0,0.0,0.0,0.0,82.735977995,0.024964597076177597,0.0,0.0,0.0,0.0,0.0
9,75.33612465,0.02498489764519036,3.782511832186365e-05,0.0,0.0,0.0,0.0,75.3545837275,0.024982079351320862,5.282220473901664e-05,0.0,0.0,0.0,0.0,75.35939597,0.0249894745266065,5.431510784539606e-05,0.0,0.0,0.0,0.0,75.4883734425,0.024964496142230928,2.2020685974716697e-08,0.0,0.0,0.0,0.0,77.141148,0.024964570719748735,6.650973510502698e-10,0.0,0.0,0.0,0.0,80.389438495,0.024964595213532448,0.0,0.0,0.0,0.0,0.0
10,73.0244754775,0.024983635912649335,3.742920789315515e-05,0.0,0.0,0.0,0.0,73.0425239325,0.024980992595665157,5.153532879062871e-05,0.0,0.0,0.0,0.0,73.0476082075,0.02498959680274129,5.4668287582565664e-05,0.0,0.0,0.0,0.0,73.190234765,0.02496445974800736,2.8071752185583683e-08,0.0,0.0,0.0,0.0,74.87216275,0.02496456913650036,0.0,0.0,0.0,0.0,0.0,78.10931724999999,0.0249645933508873,0.0,0.0,0.0,0.0,0.0
11,70.76392956000001,0.02498271233495325,3.795583340711762e-05,0.0,0.0,0.0,0.0,70.7815709775,0.02497946038749069,5.130125399443234e-05,0.0,0.0,0.0,0.0,70.7869125125,0.02498992488346994,5.5828597279821645e-05,0.0,0.0,0.0,0.0,70.9435132675,0.024964487335644662,3.838949735606713e-08,0.0,0.0,0.0,0.0,72.6602025,0.024964568169787527,9.306499167994102e-10,0.0,0.0,0.0,0.0,75.8937365,0.02496459148824215,0.0,0.0,0.0,0.0,0.0
12,68.5538030825,0.024982673918828368,3.8715627318558507e-05,0.0,0.0,0.0,0.0,68.571045705,0.024978062190115453,5.181011806563297e-05,0.0,0.0,0.0,0.0,68.576629075,0.024990007178857923,5.737518293020471e-05,0.0,0.0,0.0,0.0,68.74737487750001,0.02496470492798835,7.267104723531432e-08,0.0,0.0,0.0,0.0,70.5039165,0.02496456727385521,0.0,0.0,0.0,0.0,0.0,73.74086725,0.024964589625597,0.0,0.0,0.0,0.0,0.0
13,66.39341859,0.02498348188586533,3.987626964519962e-05,0.0,0.0,0.0,0.0,66.41026716,0.024976743940263987,5.208063628968551e-05,0.0,0.0,0.0,0.0,66.416077435,0.02498972233850509,5.838314008136944e-05,0.0,0.0,0.0,0.0,66.601017565,0.02496526279207319,1.774601349898312e-07,0.0,0.0,0.0,0.0,68.401994,0.024964565770700574,7.350985187127828e-10,0.0,0.0,0.0,0.0,71.64893650500001,0.02496458776295185,0.0,0.0,0.0,0.0,0.0
14,64.2820975825,0.024984359860420226,4.047639160822739e-05,0.0,0.0,0.0,0.0,64.29855945,0.024975960177369416,5.1711692426279746e-05,0.0,0.0,0.0,0.0,64.3045843475,0.024989059714600442,5.948247896093763e-05,0.0,0.0,0.0,0.0,64.50366234500001,0.02496629668958485,2.7998417503790303e-07,0.0,0.0,0.0,0.0,66.353161,0.02496456541027874,4.1639597911589164e-11,0.0,0.0,0.0,0.0,69.6162195,0.0249645859003067,0.0,0.0,0.0,0.0,0.0
15,62.21916894,0.024985064628534018,4.050790618475601e-05,0.0,0.0,0.0,0.0,62.2352496725,0.024976476519368587,5.1928779356735264e-05,0.0,0.0,0.0,0.0,62.2414773125,0.024987848456948996,6.0103371789099883e-05,0.0,0.0,0.0,0.0,62.45455534,0.0249679409340024,3.6240086905416404e-07,0.0,0.0,0.0,0.0,64.356182,0.024964563659392296,4.4062385780797924e-10,0.0,0.0,0.0,0.0,67.6410415,0.024964584234170615,5.721982536622467e-10,0.0,0.0,0.0,0.0
16,60.2039612025,0.02498544774670154,4.1545846976303494e-05,0.0,0.0,0.0,0.0,60.2196660275,0.024977901245467365,5.3562473545029855e-05,0.0,0.0,0.0,0.0,60.226081840000006,0.024986462566070258,5.935510006425652e-05,0.0,0.0,0.0,0.0,60.452957575000006,0.024970315218903125,4.3932216518536364e-07,0.0,0.0,0.0,0.0,62.4098555,0.02496456354483962,8.321668171766651e-11,0.0,0.0,0.0,0.0,65.72177400000001,0.02496458392031491,4.5255377914759885e-10,0.0,0.0,0.0,0.0
17,58.2358059625,0.02498525679204613,4.316828690998896e-05,0.0,0.0,0.0,0.0,58.2511413675,0.02497933719307184,5.368043467454869e-05,0.0,0.0,0.0,0.0,58.25773102749999,0.024985480668954552,5.876423152079736e-05,0.0,0.0,0.0,0.0,58.4981474525,0.024973465251736344,6.103297308538157e-07,0.0,0.0,0.0,0.0,60.5130155,0.024964561736211182,3.01903694702091e-10,0.0,0.0,0.0,0.0,63.856835499999995,0.024964582175016403,0.0,0.0,0.0,0.0,0.0
18,56.314039832499994,0.024985088511370122,4.363310544160657e-05,0.0,0.0,0.0,0.0,56.329011295,0.024980051119811834,5.368325366192586e-05,0.0,0.0,0.0,0.0,56.33576285,0.02498521763086319,5.865001155692786e-05,0.0,0.0,0.0,0.0,56.589416705,0.024977249131537975,1.2514151563436374e-06,0.0,0.0,0.0,0.0,58.66453125,0.024964561684057116,5.887255307018429e-11,0.0,0.0,0.0,0.0,62.04468775,0.024964580312371254,0.0,0.0,0.0,0.0,0.0
19,54.4379992575,0.02498544563818723,4.414585784263271e-05,0.0,0.0,0.0,0.0,54.452614475,0.024980040320195258,5.449249927108064e-05,0.0,0.0,0.0,0.0,54.459514507499996,0.02498510126862675,5.75760376801413e-05,0.0,0.0,0.0,0.0,54.726071195,0.0249811783824116,3.0400110670108167e-06,0.0,0.0,0.0,0.0,56.863299000000005,0.02496455988381058,3.302914207113038e-10,0.0,0.0,0.0,0.0,60.28383825,0.024964578449726105,0.0,0.0,0.0,0.0,0.0
20,52.60702636,0.024985960262827574,4.4703986843376454e-05,0.0,0.0,0.0,0.0,52.621290752499995,0.024979730173945426,5.556560771419016e-05,0.0,0.0,0.0,0.0,52.628329040000004,0.024984535892494022,5.607018456450954e-05,0.0,0.0,0.0,0.0,52.90742824749999,0.02498445709142834,6.067159288954624e-06,0.0,0.0,0.0,0.0,55.1082468925,0.024964559823274612,0.0,0.0,0.0,0.0,0.0,58.57283575,0.024964578070677815,7.499032272143649e-10,0.0,0.0,0.0,0.0
21,50.82046526,0.024986046478152276,4.497595225049119e-05,0.0,0.0,0.0,0.0,50.8343849575,0.024979098442941904,5.7517516353818825e-05,0.0,0.0,0.0,0.0,50.8415498125,0.02498365821223706,5.518599252879653e-05,0.0,0.0,0.0,0.0,51.132818175,0.02498654293362051,9.325227593442413e-06,0.0,0.0,0.0,0.0,53.39833675,0.024964558157138526,5.721982536622465e-10,0.0,0.0,0.0,0.0,56.91026975,0.024964576587080956,0.0,0.0,0.0,0.0,0.0
22,49.0776654925,0.02498559757228941,4.4909908456933716e-05,0.0,0.0,0.0,0.0,49.091243915,0.02497814906295389,6.056351515273241e-05,0.0,0.0,0.0,0.0,49.09852418,0.024982897314243017,5.525639756369018e-05,0.0,0.0,0.0,0.0,49.4015810425,0.024987653022632002,1.1372845453658656e-05,0.0,0.0,0.0,0.0,51.732552999999996,0.024964557960629463,0.0,0.0,0.0,0.0,0.0,55.294770750000005,0.024964574724435806,0.0,0.0,0.0,0.0,0.0
23,47.377977484999995,0.024985175000503658,4.515206316593924e-05,0.0,0.0,0.0,0.0,47.3912194925,0.02497713214252144,6.381145598497187e-05,0.0,0.0,0.0,0.0,47.398603367499994,0.02498239737469703,5.683071951785904e-05,0.0,0.0,0.0,0.0,47.71306337,0.024988600896671414,1.1108433398742236e-05,0.0,0.0,0.0,0.0,50.10990875,0.024964556777849794,8.96733554233948e-10,0.0,0.0,0.0,0.0,53.725006500000006,0.024964573193341492,7.124855087803856e-10,0.0,0.0,0.0,0.0
24,45.72075579250001,0.024985638921149075,4.650925930859087e-05,0.0,0.0,0.0,0.0,45.7336654075,0.024976317167282106,6.618812433176615e-05,0.0,0.0,0.0,0.0,45.741141495,0.024981871616095306,5.854461717028986e-05,0.0,0.0,0.0,0.0,46.066618912500005,0.02499017976783216,8.722077270028065e-06,0.0,0.0,0.0,0.0,48.52944599999999,0.024964556097984314,0.0,0.0,0.0,0.0,0.0,52.199684749999996,0.024964572861790657,0.0,0.0,0.0,0.0,0.0
25,44.10535556,0.024986716804094613,4.765201695831603e-05,0.0,0.0,0.0,0.0,44.117939207499994,0.02497591012902558,6.767015818578071e-05,0.0,0.0,0.0,0.0,44.125496615,0.024981214547529818,5.9811239498954835e-05,0.0,0.0,0.0,0.0,44.4616070125,0.02499275578651577,5.726616108170561e-06,0.0,0.0,0.0,0.0,46.99022625,0.02496455574221909,7.321854092843696e-10,0.0,0.0,0.0,0.0,50.71754675,0.024964570999145508,0.0,0.0,0.0,0.0,0.0
26,42.5311388325,0.02498765144869685,4.818283468502528e-05,0.0,0.0,0.0,0.0,42.54340061,0.024975563150830566,6.826901097832148e-05,0.0,0.0,2.802596928649634e-48,6.260527312210774e-47,42.5510298525,0.024980473646894097,6.043924054697122e-05,0.0,0.0,4.203895392974451e-48,7.663706297792341e-47,42.8973931825,0.024996388965286314,3.486974905469306e-06,0.0,0.0,0.0,0.0,45.491339749999995,0.024964554235339165,0.0,0.0,0.0,0.0,0.0,49.2773715,0.0249645699840039,9.27543049087587e-10,0.0,0.0,0.0,0.0
27,40.9974678775,0.024988144751638176,4.841920483018656e-05,0.0,0.0,1.653532187903284e-46,5.710630810489451e-46,41.009414355000004,0.024974726327694954,6.805272333816429e-05,0.0,0.0,1.6815581571897804e-46,1.1003539486369975e-45,41.017104458750005,0.024979729634709655,6.024409646625312e-05,0.0,0.0,2.5713826820360393e-46,1.2286980562309935e-45,41.373350245,0.025001233777962626,2.0560526906689652e-06,0.0,0.0,0.0,0.0,44.031897,0.024964554234407844,4.1639597911589164e-11,0.0,0.0,0.0,0.0,47.877973,0.02496456913650036,0.0,0.0,0.0,0.0,0.0
28,39.503711804999995,0.024988280286081136,4.814001129807907e-05,0.0,0.0,4.133129820526048e-45,7.204221059888088e-45,39.5153467875,0.024973545227199793,6.806869136074834e-05,0.0,0.0,2.7794755039882747e-45,1.5940546285945893e-44,39.52308739375,0.024979121499694883,5.99903304726547e-05,0.0,0.0,4.1121103435611755e-45,1.771167033709083e-44,39.888857962500005,0.025007840815000237,3.693353171426185e-06,0.0,0.0,7.006492321624086e-49,3.1326151753974123e-47,42.611030750000005,0.024964552422985436,3.01903694702091e-10,0.0,0.0,0.0,0.0,46.518197750000006,0.02496456727385521,0.0,0.0,0.0,0.0,0.0
29,38.04923864375,0.02498841013945639,4.842124475012799e-05,0.0,0.0,6.037284238773826e-44,1.0226591829969954e-43,38.06056931375,0.02497235961165279,6.864731698809092e-05,0.0,0.0,4.0518545095952084e-44,2.3134723734530773e-43,38.06835005375,0.024978745984844862,6.049026417436143e-05,0.0,0.0,5.9677798349433145e-44,2.581556271198311e-43,38.443300773749996,0.02501795821264386,6.2919718669093105e-06,0.0,0.0,5.535128934083027e-47,4.603851958396882e-46,41.227896,0.024964552372694016,0.0,0.0,0.0,0.0,0.0,45.196924249999995,0.02496456727385521,0.0,0.0,0.0,0.0,0.0
30,36.633422175,0.024988750494085252,5.0553321454887105e-05,0.0,0.0,8.76292185576274e-43,1.4609997184516245e-42,36.64445528125,0.024971322037279607,6.981305638399767e-05,0.0,0.0,5.895633983507551e-43,3.362037337281376e-42,36.65226589625,0.024978607130236925,6.167178219330526e-05,0.0,0.0,8.669875637731573e-43,3.769225419595781e-42,37.036060469999995,0.025035792398266494,1.0947946559519465e-05,0.0,0.0,1.1770907100328463e-45,6.684854631992127e-45,39.881666875,0.024964551815763115,8.527558922004149e-10,0.0,0.0,0.0,0.0,43.91306401,0.02496456541121006,0.0,0.0,0.0,0.0,0.0
31,35.25563991125,0.024989164873026312,5.315439313032673e-05,0.0,0.0,1.2723081699695624e-41,2.091205840327455e-41,35.26638208875,0.024970732249319554,7.187588782266133e-05,0.0,0.0,8.579994952931315e-42,4.891140513068359e-41,35.274212363749996,0.024978516270406544,6.360684162794527e-05,0.0,0.0,1.2604775675546535e-41,5.512776794743994e-41,35.66651225375,0.025066857903264465,2.3723719396113806e-05,0.0,0.0,1.725909253585661e-44,9.70949819309125e-44,38.5715395,0.024964550510048866,0.0,0.0,0.0,0.0,0.0,42.665558499999996,0.024964564643800258,9.167847843373463e-10,0.0,0.0,0.0,0.0
32,33.915271552499995,0.0249894624883309,5.452385174614439e-05,0.0,0.0,1.84842182158182e-40,2.9986741767325642e-40,33.92573084125,0.02497044191788882,7.43846254684351e-05,0.0,0.0,1.2492785653900777e-40,7.1236419653243544e-40,33.933569238749996,0.024978123417124153,6.702878329576668e-05,0.0,0.0,1.8338927877596071e-40,8.075823915245178e-40,34.33402538625,0.02511580864712596,4.4294531465808414e-05,0.0,0.0,2.506565621568695e-43,1.4081851619702934e-42,37.2967245,0.024964550510048866,0.0,0.0,0.0,0.0,0.0,41.453381875,0.02496456354856491,0.0,0.0,0.0,0.0,0.0
33,32.61170188,0.02498954514786601,5.4007263742358844e-05,0.0,0.0,2.6871616164456e-39,4.308353519812402e-39,32.62188307875,0.024970381528139116,7.681347493793936e-05,0.0,0.0,1.819920814217865e-39,1.0386508563116834e-38,32.629720658749996,0.024977381974458694,6.887571793933284e-05,0.0,0.0,2.6700516823221815e-39,1.1848682421929965e-38,33.037947761249995,0.025187237513251602,7.54778548212698e-05,0.0,0.0,3.638684459985965e-42,2.041829859917948e-41,36.056453250000004,0.024964548929594457,6.678245274156941e-10,0.0,0.0,0.0,0.0,40.275532999999996,0.024964561759494245,3.628084205133367e-10,0.0,0.0,0.0,0.0
34,31.344319223750002,0.024989394278265537,5.3018548501337516e-05,0.0,0.0,3.9090862648529977e-38,6.202444633621595e-38,31.35422657375,0.024970506004057823,7.881793513732953e-05,0.0,0.0,2.6525635916932323e-38,1.5159746993798297e-37,31.362054065,0.024976715311408042,6.794001240575724e-05,0.0,0.0,3.8901242370716187e-38,1.7410113563763954e-37,31.777619815,0.02528120153117925,0.00011196417128824338,0.0,0.0,5.282734831895318e-41,2.9598283029872432e-40,34.84997475,0.024964548647403717,0.0,0.0,0.0,0.0,0.0,39.131041,0.02496456168591976,0.0,0.0,0.0,0.0,0.0
35,30.112514065,0.024989183326251805,5.411322077253502e-05,0.0,0.0,5.6903291611368435e-37,8.946614561536521e-37,30.122152325,0.02497066430840641,7.95503573182931e-05,0.0,0.0,3.868092696876669e-37,2.2148133889376482e-36,30.12996012375,0.024976255756802856,6.643312222966567e-05,0.0,0.0,5.671431119193708e-37,2.5619155012374734e-36,30.55236982625,0.025389975724741817,0.00014121834394370016,0.0,0.0,7.670650964054828e-40,4.2902742878644915e-39,33.676553125,0.02496454864554107,5.887255307018429e-11,0.0,0.0,0.0,0.0,38.018963625,0.024964559823274612,0.0,0.0,0.0,0.0,0.0
36,28.91567958125,0.024989305030554534,5.789658415387153e-05,0.0,0.0,8.288368953915774e-36,1.2928789848793205e-35,28.92505302625,0.024970673190429806,7.930148151685343e-05,0.0,0.0,5.643495785905197e-36,3.2387351780853016e-35,28.932833733749998,0.024976074824109674,6.648643471485413e-05,0.0,0.0,8.273524563276172e-36,3.77514821345183e-35,29.361524842500003,0.025497665810398758,0.0001646886486497219,0.0,0.0,1.1139013330516076e-38,6.218081842444972e-38,32.535468375,0.024964546801522373,1.7590905992720864e-10,0.0,0.0,0.0,0.0,36.93838325,0.024964559823274612,0.0,0.0,0.0,0.0,0.0
37,27.75321413375,0.024989871639758347,6.248605614425604e-05,0.0,0.0,1.207968805184316e-34,1.8715788332451202e-34,27.762326765,0.024970464417710902,7.930599226431886e-05,0.0,0.0,8.23778047072586e-35,4.739841013320567e-34,27.77007276,0.02497608780581504,6.741617682031027e-05,0.0,0.0,1.2076393380581098e-34,5.570220430194969e-34,28.20442010625,0.025603522889316083,0.00017123647186074905,0.0,0.0,1.6176379679638763e-37,9.010912342467853e-37,31.4260175,0.024964546784758568,0.0,0.0,0.0,0.0,0.0,35.888410125,0.024964557960629463,0.0,0.0,0.0,0.0,0.0
38,26.624518666249998,0.02499081823602319,6.698255000659801e-05,0.0,0.0,1.7614942014996518e-33,2.7136240515235283e-33,26.633374947500002,0.024970109327696263,8.01284614356446e-05,0.0,0.0,1.2030075877112282e-33,6.941512557399542e-33,26.6410773625,0.024976204408332706,6.885449065215174e-05,0.0,0.0,1.763655527633471e-33,8.228854779175244e-33,27.08040336375,0.02570382636319846,0.0001677977039525134,0.0,0.0,2.3492239028105165e-36,1.30558900050673e-35,30.3475105,0.024964546781033277,8.321668171766651e-11,0.0,0.0,0.0,0.0,34.86817825,0.024964557960629463,0.0,0.0,0.0,0.0,0.0
39,25.52899741375,0.02499179217405617,7.185388113730272e-05,0.0,0.0,2.5699634766295824e-32,3.9402485937301186e-32,25.537601490000004,0.024970007203519343,8.314379901914937e-05,0.0,0.0,1.7575621128343067e-32,1.0172130413277544e-31,25.545253498749997,0.024976325360126794,7.069098232466739e-05,0.0,0.0,2.5769098401481825e-32,1.2170266058576062e-31,25.988850798749997,0.025775492281652986,0.00015463204831765045,0.0,0.0,3.4116698176459885e-35,1.8912676834464426e-34,29.299271124999997,0.02496454492677003,9.301576928905294e-11,0.0,0.0,0.0,0.0,33.87684675,0.024964556138962507,2.732189975426927e-10,0.0,0.0,0.0,0.0
40,24.466058065,0.024992320694960653,7.577668882814628e-05,0.0,0.0,3.7512371233051455e-31,5.729037446457297e-31,24.4744141775,0.024970072135329247,8.723055857060374e-05,0.0,0.0,2.5687395460272418e-31,1.491450830109281e-30,24.48200871125,0.024976309929043053,7.262940586243785e-05,0.0,0.0,3.7667895603692572e-31,1.8018478179038343e-30,24.929157108749997,0.02581156159285456,0.00013301155834314398,0.0,0.0,4.954506960658842e-34,2.7389575986752774e-33,28.280638875,0.02496454492211342,0.0,0.0,0.0,0.0,0.0,32.91359925,0.024964556097984314,0.0,0.0,0.0,0.0,0.0
41,23.4351121025,0.024992217103019358,7.775566191942327e-05,0.0,0.0,5.477728195650859e-30,8.340053125189964e-30,23.44322583875,0.024970156949944793,8.920144871340347e-05,0.0,0.0,3.7555611373397355e-30,2.187836501746547e-29,23.450755865,0.02497574611194432,7.649124094102941e-05,0.0,0.0,5.508050953188781e-30,2.6700067849750676e-29,23.90074149125,0.025828589621931314,0.00011579222098152528,0.0,0.0,7.194731951634122e-33,3.9653608444653647e-32,27.290965125000003,0.02496454492211342,0.0,0.0,0.0,0.0,0.0,31.977639874999998,0.024964555196464063,9.308456153244229e-10,0.0,0.0,0.0,0.0
42,22.4355768125,0.02499109757319093,8.086032469016811e-05,0.0,0.0,8.001583620157498e-29,1.2154309482676118e-28,22.443450950000003,0.024970493242144585,9.001209900217986e-05,0.0,0.0,5.492241799529844e-29,3.210727122597537e-28,22.450910070000003,0.024974355433136225,8.396087860718573e-05,0.0,0.0,8.056346662142073e-29,3.959308500788724e-28,22.903024619999997,0.025837452431209385,0.00011397424313205288,0.0,0.0,1.0447115952336415e-31,5.738811636798799e-31,26.329613,0.024964543093927205,2.5099272975892296e-10,0.0,0.0,0.0,0.0,31.068199,0.024964554235339165,0.0,0.0,0.0,0.0,0.0
43,21.466869825,0.024989759945310653,8.487197030221247e-05,0.0,0.0,1.1691312331146512e-27,1.7729685527836725e-27,21.474508339999996,0.02497120225429535,9.054070804646255e-05,0.0,0.0,8.033667690477444e-28,4.713460134239236e-27,21.48189104375,0.024972637138329448,9.264521857810926e-05,0.0,0.0,1.1785349163552836e-27,5.874245220169802e-27,21.935439785000003,0.025842764927074314,0.00011649892221197857,0.0,0.0,1.5168130028017492e-30,8.301790394307798e-30,25.39595975,0.02496454305946827,0.0,0.0,0.0,0.0,0.0,30.1845255,0.024964554235339165,0.0,0.0,0.0,0.0,0.0
44,20.528413410625,0.024989066087640822,8.960666944212853e-05,0.0,0.0,1.7085065055133373e-26,2.588268632371408e-26,20.535820067499998,0.02497253949660808,9.132532056127933e-05,0.0,0.0,1.1752414005571468e-26,6.920894459681546e-26,20.543121235625,0.024971505026333034,9.863526546750927e-05,0.0,0.0,1.7240701846227638e-26,8.717993330548286e-26,20.99742870875,0.025844116277061402,0.0001176991017000402,0.0,0.0,2.201998520239038e-29,1.200380649778852e-28,24.48939225,0.02496454305946827,0.0,0.0,0.0,0.0,0.0,29.32589125,0.024964552372694016,0.0,0.0,0.0,0.0,0.0
45,19.61963450625,0.024988944698125123,9.632156044182748e-05,0.0,0.0,2.4967708081304176e-25,3.7806976889962635e-25,19.626813238125003,0.024974504139274357,9.355857106113713e-05,0.0,0.0,1.7192695808946055e-25,1.0162421940463592e-24,19.634026891875,0.02497107695788145,0.00010532352732389078,0.0,0.0,2.52182451335032e-25,1.2939828869466122e-24,20.0884386325,0.02584048450924456,0.00011477358072778274,0.0,0.0,3.196206045501177e-28,1.7347239838294316e-27,23.609310375,0.024964541933499278,9.107549120983823e-10,0.0,0.0,0.0,0.0,28.491588625,0.024964552372694016,0.0,0.0,0.0,0.0,0.0
46,18.739961365,0.02498905318509787,9.948563306157681e-05,0.0,0.0,3.648206733288492e-24,5.5245078382625416e-24,18.74691649375,0.024976677350699902,9.884131109579226e-05,0.0,0.0,2.5147019568356207e-24,1.4918848482392566e-23,18.754038788125,0.024970436928793787,0.0001116336709162072,0.0,0.0,3.687703686448109e-24,1.9205332099815222e-23,19.207920511875,0.025834155587479472,0.00011407511023769725,0.0,0.0,4.6382207719969945e-27,2.50521712842152e-26,22.755123755,0.02496454119682312,0.0,0.0,0.0,0.0,0.0,27.680928875000003,0.024964550510048866,0.0,0.0,0.0,0.0,0.0
47,17.888828247499998,0.024988644027151168,9.936396245119894e-05,0.0,0.0,5.3288260531012e-23,8.073536803893153e-23,17.895562411875,0.024977878337726,0.00010474446938816915,0.0,0.0,3.676739163640338e-23,2.1890118306617424e-22,17.902588994374998,0.024969871127977966,0.00011473969931381795,0.0,0.0,5.390058521796646e-23,2.8495392337810364e-22,18.35532949125,0.025824310312978924,0.00011949306807981861,0.0,0.0,6.728331696466311e-26,3.6144711416588445e-25,21.9262535,0.02496454119682312,0.0,0.0,0.0,0.0,0.0,26.89324375,0.024964550510048866,0.0,0.0,0.0,0.0,0.0
48,17.065671866875,0.024987866071984173,9.78105719196754e-05,0.0,0.0,7.7790229066773785e-22,1.1796412815087024e-21,17.07218936375,0.024977374440059066,0.00010742749341797515,0.0,0.0,5.37212693436555e-22,3.2087878556152633e-21,17.07911527875,0.024969958223402502,0.00011685855251781668,0.0,0.0,7.872491378507201e-22,4.225011477488161e-21,17.530125810624998,0.025810465743765235,0.00012815013079719772,0.0,0.0,9.755279627672892e-25,5.208946270165508e-24,21.12213075,0.02496454119682312,0.0,0.0,0.0,0.0,0.0,26.12788375,0.024964550510048866,0.0,0.0,0.0,0.0,0.0
49,16.26993394625,0.02498716802150011,9.707245720241053e-05,0.0,0.0,1.1345426907870151e-20,1.7226394588410282e-20,16.276236939375,0.024976455157622694,0.00010792010662900226,0.0,0.0,7.841154695386717e-21,4.696929500864375e-20,16.283060231874998,0.024969837076030673,0.00011709836848999875,0.0,0.0,1.1486017275249522e-20,6.256591383610818e-20,16.73177283,0.025795822262763977,0.00013730534461780158,0.0,0.0,1.413434488675296e-23,7.497954581407962e-23,20.342195874999998,0.02496453933417797,0.0,0.0,0.0,0.0,0.0,25.384217999999997,0.024964548647403717,0.0,0.0,0.0,0.0,0.0
50,15.501061834375,0.024986855428665876,9.770948608476366e-05,0.0,0.0,1.652510756804417e-19,2.5130640213081537e-19,15.507153350625002,0.02497613361198455,0.00010858233407983624,0.0,0.0,1.1427818813208048e-19,6.8618974167114845e-19,15.51386688375,0.024969161070883275,0.00011731683243477196,0.0,0.0,1.673338740156407e-19,9.248579094148514e-19,15.959737008125,0.025780911908484996,0.0001448594317104455,0.0,0.0,2.046062515735959e-22,1.0778677112650676e-21,19.5858991875,0.02496453933417797,0.0,0.0,0.0,0.0,0.0,24.661632125,0.02496454698499292,5.769503886786971e-10,0.0,0.0,0.0,0.0
51,14.758501155000001,0.02498695932980627,0.00010163231441657335,0.0,0.0,2.4024910063971973e-18,3.66034430120458e-18,14.764384596249998,0.024976175438612698,0.00011303183097689348,0.0,0.0,1.6620331305810525e-18,9.997992467388726e-18,14.770984840625001,0.02496700491104275,0.00012132463135502857,0.0,0.0,2.432851140206572e-18,1.3637701215108503e-17,15.213490131250001,0.02576515709143132,0.000152530723771609,0.0,0.0,2.958382511846587e-21,1.5472141125782175e-20,18.8527008125,0.02496453747153282,0.0,0.0,0.0,0.0,0.0,23.959531124999998,0.024964550510048866,0.0,0.0,0.0,0.0,0.0
52,14.041704320000001,0.02498799650929868,0.00010887100895088559,0.0,0.0,3.483827441982299e-17,5.318796887028007e-17,14.04738434375,0.024976111135445535,0.00012119346139909396,0.0,0.0,2.410329851414501e-17,1.4515906615538624e-16,14.053868141874998,0.024964303240180015,0.00012948510098085227,0.0,0.0,3.5273602687474436e-17,2.0043819075680277e-16,14.492508219375,0.025749362606555224,0.0001597562216523764,0.0,0.0,4.2707266992737916e-20,2.216758337029566e-19,18.14206925,0.024964543245732784,6.092871440126049e-10,0.0,0.0,0.0,0.0,23.2773355,0.02496453747153282,0.0,0.0,0.0,0.0,0.0
53,13.350127886874999,0.02499045483674854,0.00012054985095673948,0.0,0.0,5.034185773038795e-16,7.703022492321596e-16,13.35560789875,0.024976382019929588,0.00013151835263251464,0.0,0.0,3.4822650802742765e-16,2.0979371748443002e-15,13.361971360625,0.02496351279504597,0.00014066289289357977,0.0,0.0,5.095493553889374e-16,2.933135202322029e-15,13.796269667499999,0.025735074078664183,0.00016648626033773174,0.0,0.0,6.152181801538313e-19,3.1684140815008595e-18,17.4534823125,0.024964523922652006,1.5268283052604442e-09,0.0,0.0,0.0,0.0,22.614482250000002,0.02496456913650036,0.0,0.0,0.0,0.0,0.0
54,12.683231549375,0.024994125256314875,0.00014056885711914184,0.0,0.0,7.239154161387725e-15,1.1103083717493006e-14,12.688515616250001,0.024979009565897287,0.00016477945995659532,0.0,0.0,5.0045157340969005e-15,3.013180959674478e-14,12.694754316875,0.02496479320153594,0.0001558023441879771,0.0,0.0,7.323349109335377e-15,4.2658658260504104e-14,13.12425591125,0.025723635587841274,0.00017379929325045686,0.0,0.0,8.837513583746131e-18,4.514875807054268e-17,16.7864259375,0.024964569062925875,5.348724196631441e-09,0.0,0.0,0.0,0.0,21.970423875,0.024964506400749088,8.681585030370039e-10,0.0,0.0,0.0,0.0
55,12.040480021250001,0.024998099747113884,0.00016943910816632032,0.0,0.0,1.0337891658335624e-13,1.58945426031475e-13,12.045567423749999,0.024981235862709582,0.00021245675372095295,0.0,0.0,7.139756873513887e-14,4.292436938539302e-13,12.051680430625,0.024965531574562192,0.00017842630471925864,0.0,0.0,1.0450750374250365e-13,6.154888795925358e-13,12.47595289125,0.025712475343607367,0.00018800871643726716,0.0,0.0,1.2648102901408918e-16,6.409389128186263e-16,16.140394813125003,0.024964490180835127,1.6226267162977945e-08,0.0,0.0,0.0,0.0,21.344629625,0.02496458591427654,1.6070375150756348e-10,0.0,0.0,0.0,0.0
56,11.421337250625,0.025001824256032704,0.0002003893241517415,1.039973655298663e-44,1.6077248083894947e-43,1.4626574196111498e-12,2.254563052265976e-12,11.42623532125,0.024978120495565234,0.0002161123098746435,1.1560712330679741e-46,2.5924755367671553e-45,1.0087261839328582e-12,6.048991827465441e-12,11.43221810375,0.02496268109418452,0.0001948658802828918,3.503246160812043e-46,1.057636920303783e-44,1.4774681496742285e-12,8.78991611911123e-12,11.850850601874999,0.025700695926323534,0.000203744694436234,0.0,0.0,1.8011063630335276e-15,9.054197228413506e-15,15.514891375,0.024964548273943364,4.372732755017675e-08,0.0,0.0,0.0,0.0,20.7365829375,0.024964548413641752,6.170663948192053e-10,0.0,0.0,0.0,0.0
57,10.825277681875,0.02500567529257387,0.00023308104383783,7.243521956864628e-44,6.244814643721186e-43,2.040944115161774e-11,3.15315594761574e-11,10.829986913125001,0.024971451406367123,0.00020596979159098397,3.562100696313685e-45,1.1983473382909875e-43,1.4042318482957968e-11,8.37739752464527e-11,10.83583436,0.02495785357337445,0.00021302032156529034,8.065873960653647e-45,1.593249083474508e-43,2.0591169760293928e-11,1.233916644453795e-10,11.24844364875,0.025690089226700366,0.00021779199265065073,0.0,0.0,2.5468929795514065e-14,1.2705168898575612e-13,14.90942631,0.02496470790077001,1.0100898118517884e-07,0.0,0.0,0.0,0.0,20.145781875,0.02496444256976247,5.541173659504769e-10,0.0,0.0,0.0,0.0
58,10.2517733709375,0.02501238879561424,0.00027665284157137065,5.293879560093645e-28,4.984074459435292e-27,2.784960350564198e-10,4.312489225870815e-10,10.256299687812499,0.024964193068444728,0.00022351773829312234,6.404070446901383e-30,1.3160300295570748e-28,1.9112451873658494e-10,1.1353227152904688e-09,10.2620070928125,0.02495326444040984,0.00025295246248054656,1.2070673372535856e-29,2.603553618885185e-28,2.8071104584425384e-10,1.6955434725695734e-09,10.668230169375,0.025678837215527894,0.0002363600570763058,0.0,0.0,3.5679075710777334e-13,1.7670834210741888e-12,14.3235182825,0.024964027763344346,2.069806645229676e-07,0.0,0.0,0.0,0.0,19.571738625000002,0.02496470888145268,1.3918521623351739e-09,0.0,0.0,0.0,0.0
59,9.7002912015625,0.025032040308229624,0.0003536038993061965,6.58929449365677e-27,9.620831905415376e-26,3.6899709977476345e-09,5.730338101463573e-09,9.7046427315625,0.024957373679615556,0.0003058254503539479,2.3668227589379755e-28,3.175675697541367e-27,2.525316062055536e-09,1.4949536669721978e-08,9.710204565625,0.02494888915028423,0.0003339959074722244,4.716910493143379e-28,6.2551842555285555e-27,3.7189672436715736e-09,2.268548635942286e-08,10.1097080859375,0.02566307616326958,0.0002601401238355648,1.2891945871788317e-46,2.2588896473215233e-45,4.92977521637097e-12,2.4251296253493527e-11,13.756692958124999,0.024965074237436057,3.8900899001957896e-07,0.0,0.0,0.0,0.0,19.0139791875,0.02496451883483678,6.650184475665236e-10,0.0,0.0,0.0,0.0
60,9.1702965209375,0.025102125950157643,0.0005315325347618874,1.1976412922904114e-12,1.2950270669546439e-11,4.6191553674333306e-08,7.175480782893881e-08,9.1744938090625,0.02494853150751442,0.0004935393207817207,5.030051779006312e-14,8.419502156213877e-13,3.133291471251576e-08,1.8064945296450042e-07,9.1798993575,0.024940310877747833,0.00049286401556117,7.642166302130919e-14,1.2260636011431771e-12,4.634489154795107e-08,2.781165330050099e-07,9.57237918375,0.025640135620720685,0.00029804295544707757,8.442082573944683e-34,3.7744701298596613e-32,6.662572476535015e-11,3.2581035014864833e-10,13.208483281874999,0.024965373502112927,7.221915862203428e-07,0.0,0.0,0.0,0.0,18.4720434375,0.024964204059913755,2.2375004988205293e-09,0.0,0.0,0.0,0.0
61,8.661228310312499,0.02528752846736461,0.0010065931667946708,5.28565790662948e-09,2.662508331472367e-08,5.037512663303577e-07,7.82814507200357e-07,8.665348643125,0.0248191031832248,0.0010167869701696256,6.530092017003995e-10,6.647921471102904e-09,3.3835455901949666e-07,1.887598870971425e-06,8.6705930525,0.024815945271402597,0.0010075614255131422,7.950268153725536e-10,8.671805419376218e-09,5.030391705548992e-07,2.93920540974668e-06,9.0557426134375,0.025614690674468876,0.0003397069796230428,4.835272704259413e-29,1.5657704927270591e-27,8.738708683815946e-10,4.253252321655439e-09,12.678431818750001,0.024962141942232847,1.2937315837709759e-05,0.0,0.0,0.0,0.0,17.9454833775,0.024964982484467328,3.1462661173973827e-09,0.0,0.0,0.0,0.0
62,8.17285451125,0.023686469895765186,0.0015481890187169578,0.00024725232534110974,0.0003344776247996586,4.052192051475148e-06,6.120307017797614e-06,8.1771440153125,0.022767692868132145,0.0017182595391918513,2.6960590866678538e-05,0.00010612757771260954,2.544192471309617e-06,1.0932700904420965e-05,8.182219629375,0.022756266452837737,0.0017266170655982837,4.046892944398253e-05,0.00014544622069224714,3.819145741950176e-06,1.6067809703631225e-05,8.559292676875,0.025581114243716,0.00039829486611733393,1.5847251251892576e-17,7.085334198145805e-16,1.083815534351164e-08,5.243548396730033e-08,12.166084327499998,0.02496882585529238,2.431692197645405e-06,0.0,0.0,0.0,0.0,17.4338641875,0.02496489255968481,3.4873611019958927e-09,0.0,0.0,0.0,0.0
63,7.705397485625,0.018506812809035184,0.0014645847514220109,0.0012983186417079577,0.001530265451379317,4.6438203591130155e-06,6.482455609126439e-06,7.71025566125,0.017609966604039073,0.001913441294936236,0.0001031472209689968,0.0003439370915295046,3.097009025241335e-06,1.67772746189342e-05,7.7151577675,0.01765387412859127,0.0020240103337913562,0.00016419552252001734,0.00045497255994918456,4.536492180337481e-06,2.206365388841454e-05,8.0825331678125,0.025368859724141657,0.0006671264424195459,1.016581067282084e-11,2.700959114018524e-10,1.1747479019955296e-07,5.649508795547662e-07,11.67099109,0.024989920405671,5.2308246216282674e-06,0.0,0.0,0.0,0.0,16.936763875,0.024963228937238454,6.628715232598995e-09,0.0,0.0,0.0,0.0
64,7.2586110571875,0.013097540745977312,0.00140600811491016,0.0006786258473221916,0.0012658848970103654,3.2255782896463357e-06,6.204841583495889e-06,7.2642653443750005,0.011784874209435657,0.002023603723696216,3.313340043341058e-05,0.0001733572274061546,2.324753953983452e-06,2.1645599660791797e-05,7.268974162187499,0.012021050552139059,0.0021435970097634077,5.802441413453817e-05,0.00022525532078043864,2.8101213795951352e-06,2.573652631490347e-05,7.6253850321875,0.02353082476183772,0.0012536503661803532,5.536930650483769e-06,3.844440363331235e-05,9.591626526266876e-07,4.469847917585091e-06,11.192716785,0.024987366202287375,5.648889069708831e-06,0.0,0.0,0.0,0.0,16.4537711875,0.02496445946395397,7.504772750672349e-09,0.0,0.0,0.0,0.0
65,6.831504611250001,0.009016801387071609,0.0013911903623071774,0.0004661799032345782,0.0011227224139838791,2.7384845486687947e-06,5.60218627167927e-06,6.837865621874999,0.007035376180894673,0.0017082319463960255,2.105834454608658e-05,0.0001727225850892385,2.579349210648829e-06,2.5741839830212043e-05,6.842353485625,0.007426910036010668,0.0016371022205644522,2.1848518327801942e-05,0.00018532628715328586,2.4170537117398096e-06,2.961672128514574e-05,7.18824419375,0.01826341276499443,0.0016727608367302915,6.162314356864324e-05,0.00018142028717630526,1.6568557316268709e-06,8.000776550533605e-06,10.730856501249999,0.024881976898759605,6.248920227512877e-06,0.0,0.0,0.0,0.0,15.984486375,0.024968204725533724,9.389105521948279e-09,0.0,0.0,0.0,0.0
66,6.423140579375,0.006453798419097438,0.0011241972900314077,0.0004952628121042144,0.0011812270792644758,2.9166561757876656e-06,5.5154468900646585e-06,6.4299939821875,0.004147468540701084,0.0012526029423473297,2.282343118430619e-05,0.00021034459563461848,2.911263393806195e-06,2.8441286067943176e-05,6.43422535625,0.004478927042451687,0.0011505667020993832,2.1678480734391153e-05,0.00023211737752141238,2.415605831996258e-06,3.120079406563719e-05,6.7707792496875,0.01223118996724952,0.0020226289146491085,1.6447080510058872e-05,9.426793026263052e-05,1.0675630082754208e-06,1.1907396186303827e-05,10.285080531875,0.0243863971112296,2.0015503379913e-05,0.0,0.0,0.0,0.0,15.528522375,0.02496365610603243,1.6085780187932608e-08,0.0,0.0,0.0,0.0
67,6.0328734375,0.00454530951345805,0.0007819383922013995,0.0005247712907289406,0.001152516255912094,3.231029525089579e-06,6.457454031389948e-06,6.0399985503125,0.002601428176567424,0.0008370738048765014,2.752732830051553e-05,0.0002521248023300876,3.159912013345481e-06,3.067528984134726e-05,6.0439399265625005,0.0028468434800743127,0.0007735631260144367,2.258114225841947e-05,0.000270548717575759,2.405466013184956e-06,3.0960917271764216e-05,6.3717700646874995,0.007250428478466347,0.0017477391119495207,1.3954129075292923e-05,0.00010940428555731939,1.0079916130397514e-06,1.4230968582276046e-05,9.855272904375,0.02261815735232085,6.74199277752641e-05,0.0,0.0,0.0,0.0,15.085510124999999,0.024930024948902427,5.6651713612031644e-08,0.0,0.0,0.0,0.0
68,5.660141079062501,0.0030648972077178768,0.0006105339782806718,0.0004315803883106635,0.0010168665724512216,3.2070041637650706e-06,7.363866189084185e-06,5.6674390265625005,0.0017257961097930092,0.0005691335170861809,2.7924791064054792e-05,0.00027345534116675487,3.1922354284746975e-06,3.117502611337805e-05,5.6710567675,0.0019088616271037608,0.0005369677987343367,2.118429154983837e-05,0.00026693057470818525,2.4248019609461324e-06,3.042985095326707e-05,5.990173169375001,0.00412054286908824,0.0011633273298186067,9.505451246006372e-06,0.00011900045114329203,9.640514461286788e-07,1.5320457608299275e-05,9.441544360625,0.01898867475334555,9.861353229632926e-05,0.0,0.0,0.0,0.0,14.655104937499999,0.024808590771630407,1.9986263163683085e-07,0.0,0.0,0.0,0.0
69,5.304419805625,0.0020091182538599242,0.0004656006191033455,0.0003436534928265409,0.0008834547106841511,3.1106301943815697e-06,7.747462023046363e-06,5.311881998437499,0.0011878458156716078,0.00041145118688293313,2.759702671229419e-05,0.00027143324903567084,3.1713641936784385e-06,3.095042335572021e-05,5.315145226249999,0.0013151752096018754,0.00040340503231610126,1.781275148962909e-05,0.00021894200025807356,2.475432044683865e-06,2.9896806436916804e-05,5.6253710271875,0.002447842354682507,0.0006926498401896105,9.11108281497893e-06,0.00013688113922808668,9.369468558660097e-07,1.527312302670065e-05,9.043761373125001,0.015029619863722473,9.25027550147224e-05,0.0,0.0,0.0,0.0,14.23701275,0.024428589759394527,6.29782545272283e-07,0.0,0.0,0.0,0.0
70,4.96520188984375,0.0013227968517749104,0.0003288821970126386,0.00026528064015003656,0.0007560651464812735,3.0344548454865894e-06,7.720110989740186e-06,4.97282619390625,0.0008319925455070916,0.0003078519233111323,2.5426286924095093e-05,0.0002687453613812272,3.1144905732432463e-06,3.0406395527404777e-05,4.97572931375,0.0009054906951641897,0.00030602855101038935,1.5236568408271068e-05,0.00019571873280222404,2.5528624142922467e-06,2.9011454720272413e-05,5.2769746065625,0.0015854179614398162,0.00044820789135786805,9.505277406343174e-06,0.00014275562416752094,8.971873971611969e-07,1.4590032727848246e-05,8.66132285875,0.011709339203778655,7.32276744372888e-05,0.0,0.0,0.0,0.0,13.831056812499998,0.023320416506379844,1.9032782286197105e-06,0.0,0.0,0.0,0.0
71,4.64196999734375,0.0008737759106479643,0.00022504074818000954,0.00020459674972364683,0.000686002665136765,3.0369587816525544e-06,7.527001650112294e-06,4.64973231125,0.0005726494198606815,0.000224048624205966,2.372789142686759e-05,0.00025529554559550535,3.0450674544056074e-06,2.94900683050555e-05,4.6523027625,0.0006098777635052102,0.0002156460840367955,1.5530859605778823e-05,0.00019904272035837283,2.6616615388567284e-06,2.7953636864640622e-05,4.944571964375,0.0011032884051819566,0.0003185401011611949,9.839467911749432e-06,0.00015214704881623233,8.410059342768794e-07,1.3537153702962607e-05,8.293484875,0.009102293772157282,5.8976861109093305e-05,0.0,0.0,0.0,0.0,13.43727462625,0.020669300460256636,3.6781781072584506e-06,0.0,0.0,0.0,0.0
72,4.334206165625,0.0005658533224777784,0.00015314859808566612,0.0001780183919187365,0.0006656439085954149,3.1087159290357216e-06,7.23688342477468e-06,4.34207145734375,0.0003826664718744723,0.00016146247933732818,2.1701036750924828e-05,0.00021976089916945932,2.9771607519072126e-06,2.858803698099105e-05,4.3443453621875,0.00040342207842695646,0.00014869548798982516,1.5643491132281222e-05,0.0001924367811561219,2.75839750926351e-06,2.6746099427839745e-05,4.62767733984375,0.0007869626138126477,0.0002472772111112674,1.0034731170878782e-05,0.00015371375039003075,7.782723384524593e-07,1.225437761475522e-05,7.9395825,0.006953792525688186,5.03360145615417e-05,0.0,0.0,0.0,0.0,13.055708125,0.017042861479334533,4.189638360763256e-06,0.0,0.0,0.0,0.0
73,4.0413980375000005,0.00035975486088045725,0.00010316075747959489,0.00015546905085606777,0.0006285138254800386,3.208375721093226e-06,6.938524018482075e-06,4.04933239078125,0.0002506204951660038,0.0001117301781719737,1.897497136011182e-05,0.00018117654186756128,2.9332095472145625e-06,2.7933859616892335e-05,4.051343633125,0.00026424210711047634,0.00010355189834389195,1.463370458456122e-05,0.00017471293493934764,2.8237106546146004e-06,2.5554817993357216e-05,4.3257832396875004,0.0005489119708308863,0.00019364555992415188,9.17370897866907e-06,0.00014801855562369284,7.139505474549829e-07,1.092553974196741e-05,7.59904840625,0.005156124273315072,4.1901069736574457e-05,0.0,0.0,0.0,0.0,12.68609375,0.013501491125207394,3.7477065260263574e-06,0.0,0.0,0.0,0.0
74,3.7630553028125,0.00022575606771079037,6.696161581905765e-05,0.00013298955807028836,0.0005830551435424865,3.3191108291550366e-06,6.688249229684307e-06,3.77102911640625,0.00016205045454717037,7.226016399158274e-05,1.6762077006894988e-05,0.00016032203486466114,2.917133244787423e-06,2.7426003073227377e-05,3.77280463328125,0.00017120872454870552,7.00240331104843e-05,1.336384551919522e-05,0.00015202271226843223,2.866627935417098e-06,2.4547665095347703e-05,4.03838642234375,0.0003632383104568362,0.0001445977236385468,7.72691155038124e-06,0.0001352479158031492,6.553258664967138e-07,9.699496448715609e-06,7.2713619375,0.0037263235447462647,3.254121028090082e-05,0.0,0.0,0.0,0.0,12.3279134375,0.010564942721277476,3.0147538133211127e-06,0.0,0.0,0.0,0.0
75,3.4987145812500002,0.00014148357959584246,4.042697660727274e-05,0.00011768881577558405,0.0005605051295684923,3.428767457387849e-06,6.501879734302197e-06,3.5066978568750002,0.00010389526058042975,4.492197806365919e-05,1.5349987233628538e-05,0.000150655828023731,2.920022643176461e-06,2.7001271477544876e-05,3.50826251703125,0.00010925873863652669,4.471929003793924e-05,1.1866644105417006e-05,0.0001255135930501761,2.8987316826883263e-06,2.3798276022129173e-05,3.7649976957812497,0.00023194747978504894,0.0001015148721641435,6.082152286277416e-06,0.00010651832671704708,6.112186425691413e-07,8.736593451472211e-06,6.956028375,0.002651426085969433,2.4159198602025064e-05,0.0,0.0,0.0,0.0,11.9805995,0.008222808804828674,2.4611253372048248e-06,0.0,0.0,0.0,0.0
76,3.2479315495312497,8.88386639539931e-05,2.247742208477462e-05,0.00010985398161109688,0.0005400196698561733,3.521481089942213e-06,6.3731718512690675e-06,3.25589156828125,6.668606440780422e-05,2.7084543144127178e-05,1.4524557720038968e-05,0.00014459496372039402,2.9294958272341227e-06,2.6660951203044833e-05,3.2572686034375,6.890347559055954e-05,2.6850429105753845e-05,1.0560580333227588e-05,0.00010707544120742349,2.928652496660569e-06,2.3292324344671922e-05,3.5051525896875,0.00014840164259567246,6.63673147677946e-05,4.578787017357125e-06,6.808035897847384e-05,5.840371749242711e-07,8.136794303931552e-06,6.65258734375,0.001862735733273439,1.775916649581107e-05,0.0,0.0,0.0,0.0,11.643651,0.006287193078547716,2.086432191060988e-06,0.0,0.0,0.0,0.0
77,3.0102739259374998,5.534647258491532e-05,1.1238200565700487e-05,0.00010512310406268912,0.0005088613523453265,3.5928108510567823e-06,6.29717146900236e-06,3.01817717625,4.32502999397002e-05,1.5468788804747616e-05,1.422253209819496e-05,0.00014037788626788337,2.9397984361665564e-06,2.6409530005550336e-05,3.0193883339062504,4.351437377954426e-05,1.5177072960134796e-05,9.66970322946227e-06,9.773214497771478e-05,2.9619391371977957e-06,2.2959147425221853e-05,3.2584126146875003,9.66371951471956e-05,4.069221278537957e-05,3.632308433992434e-06,4.957134125030746e-05,5.695163316379227e-07,7.783255390657186e-06,6.3606171875,0.0012870354423066602,1.297219376713995e-05,0.0,0.0,0.0,0.0,11.316636812499999,0.004671846758108586,1.729636320370579e-06,0.0,0.0,0.0,0.0
78,2.78531583234375,3.351339701748657e-05,4.528147628749038e-06,9.996894805548685e-05,0.00045092541181109523,3.6526484474350696e-06,6.272949567073579e-06,2.79313046734375,2.8016123512315973e-05,8.209701634606918e-06,1.4184314066989102e-05,0.00013687021133173644,2.9469455690460093e-06,2.6231122032225867e-05,2.7941969903125004,2.7810316507384415e-05,7.935321337632894e-06,9.154957340617214e-06,9.319176249559774e-05,3.000524424382523e-06,2.2746572496640845e-05,3.0243581117187497,6.413829404391435e-05,2.370508835683619e-05,3.3334991108381043e-06,4.581826547755581e-05,5.60273781477981e-07,7.526473578281542e-06,6.07972909375,0.0008715152244840283,9.288436818403577e-06,0.0,0.0,0.0,0.0,10.999161375,0.0033802629254059864,1.3482619165693537e-06,0.0,0.0,0.0,0.0
79,2.5726389301562502,1.9485489841372326e-05,1.2989390922239704e-06,9.481564775138722e-05,0.0003763535397601095,3.7146784364416873e-06,6.29960550914634e-06,2.580335190859375,1.7529195727092883e-05,3.821631563589724e-06,1.4371428515258044e-05,0.00013384849815981434,2.9520995394611283e-06,2.612858138939786e-05,2.581277431328125,1.7366618362757435e-05,3.667909459840627e-06,9.01385426934256e-06,9.082380207927899e-05,3.0471076882072892e-06,2.2652986485115084e-05,2.802583325,4.294083998411225e-05,1.3256315351554462e-05,3.124567191596696e-06,4.403176813041237e-05,5.48271874219596e-07,7.263126986507045e-06,5.8095588125,0.0005778492664394435,6.47872754693446e-06,0.0,0.0,0.0,0.0,10.6908503125,0.002401112997205928,1.0019174027561195e-06,0.0,0.0,0.0,0.0
80,2.371829964140625,1.0728149542956089e-05,2.601195034505686e-07,9.273583698650324e-05,0.0003455913752361882,3.78757771896332e-06,6.364064444626453e-06,2.3793812203125,1.0321356043732522e-05,1.5004727679261078e-06,1.4411374157821995e-05,0.00013102748879993527,2.9546703187738857e-06,2.60988950858897e-05,2.3802173675000002,1.0273368053503873e-05,1.4247452694616256e-06,8.865753363000842e-06,8.86490511184587e-05,3.0995662208396686e-06,2.2669469345259224e-05,2.592689190234375,2.8203907972056185e-05,6.82443624872652e-06,3.136026252051276e-06,4.246746350056577e-05,5.340218265809606e-07,6.975423475781817e-06,5.549761999999999,0.00037491674660122956,4.409445933020993e-06,0.0,0.0,0.0,0.0,10.39135703125,0.0016794666336500087,7.324798112144743e-07,0.0,0.0,0.0,0.0
81,2.182480828046875,5.6486459136522175e-06,1.0650549518220789e-07,9.386066784496095e-05,0.0003401528359677982,3.871815322749939e-06,6.450392933151118e-06,2.189863681953125,5.695727691886532e-06,5.159311893063938e-07,1.4163314866080662e-05,0.00012863016794111088,2.959078539755481e-06,2.6135354277827503e-05,2.19061017625,5.703900240860094e-06,4.571977293942303e-07,8.342784807123967e-06,8.451311244610737e-05,3.1607607049946132e-06,2.2788542877865972e-05,2.3942818189062502,1.741300115395461e-05,2.911028375207991e-06,3.3353267343726223e-06,4.028156955520989e-05,5.16354698000408e-07,6.678118435842212e-06,5.3000099375000005,0.00023758054489735514,2.9289125301555868e-06,0.0,0.0,0.0,0.0,10.100366125,0.001151602296566125,5.311368643231721e-07,0.0,0.0,0.0,0.0
82,2.00418869296875,2.868870073143626e-06,5.5080299686368215e-08,9.639615344315189e-05,0.00032377076112797784,3.964247600901416e-06,6.5506991936784985e-06,2.0113828823437503,2.9753978363942224e-06,1.698653903949561e-07,1.3699461150485583e-05,0.0001272386616194912,2.9700013177781916e-06,2.6211985513764458e-05,2.012054053671875,2.9816082707156964e-06,1.4474234820106268e-07,7.42558666390366e-06,7.862145771259263e-05,3.236592309548631e-06,2.2972565165813166e-05,2.206973267578125,1.0029086499116602e-05,1.0651890911331433e-06,3.285140626397999e-06,3.77938059193319e-05,4.937138835699992e-07,6.3888344412085755e-06,5.059986859375,0.00014665386068372756,1.8927698870900233e-06,0.0,0.0,0.0,0.0,9.81759078125,0.0007698864810517989,3.76687449868567e-07,0.0,0.0,0.0,0.0
83,1.836556329453125,1.404393145207905e-06,2.7031154642381636e-08,9.998061694307126e-05,0.0002913688886008432,4.063867018327727e-06,6.661556333225685e-06,1.8435439292968752,1.4738834907497277e-06,8.301615759471511e-08,1.3371318204734509e-05,0.00012709799895843676,2.9899408504597565e-06,2.6280869316130842e-05,1.84415281640625,1.4820261496879539e-06,4.969108110879506e-08,6.671058570146671e-06,7.570901087213512e-05,3.3323826580187944e-06,2.3161609291860794e-05,2.030380997578125,5.424125277158964e-06,3.6794778027404703e-07,2.9034850665051794e-06,3.5550744105451054e-05,4.7095359481626133e-07,6.125982019834105e-06,4.8293876365625,8.793944077478955e-05,1.1865935323770347e-06,0.0,0.0,0.0,0.0,9.54276553125,0.0005005131463694852,2.58385143839881e-07,0.0,0.0,0.0,0.0
84,1.679191311484375,6.607604582313798e-07,1.363038668793309e-08,0.0001066806087844725,0.00028809927273398714,4.170149763027098e-06,6.772415330262475e-06,1.6859564956250002,6.982871008318625e-07,3.860915758896205e-08,1.3251729022705677e-05,0.00012885567462430307,3.016129012906455e-06,2.6280195836289035e-05,1.686514467890625,7.019943661958905e-07,2.4845259492064294e-08,6.3273216672811145e-06,7.568454521946313e-05,3.4462925882492396e-06,2.332322617995132e-05,1.8641264995312499,2.7839137741523244e-06,1.526466169127902e-07,2.4211585301950187e-06,3.347383785137846e-05,4.5369596174030606e-07,5.8889230971343105e-06,4.607916375,5.1065457073491414e-05,7.200763916873843e-07,0.0,0.0,0.0,0.0,9.27564278125,0.00031593284505652264,1.7139342333959073e-07,0.0,0.0,0.0,0.0
85,1.531706283046875,2.9786082744465146e-07,6.900743460879854e-09,0.00011710303779170772,0.0003112011754716239,4.279272411874757e-06,6.870085844376937e-06,1.538236404375,3.16134127666956e-07,1.7586700195989502e-08,1.3486631987536455e-05,0.0001340609247840869,3.0472659461040846e-06,2.6184545731382904e-05,1.5387527719531249,3.1829876976274816e-07,1.0601879883696104e-08,6.310783975371157e-06,7.680982460853621e-05,3.574567361017334e-06,2.3467126539845433e-05,1.7078369017968749,1.3614143285423098e-06,8.347092135927892e-08,2.022160537446364e-06,3.137429257389792e-05,4.440491813135151e-07,5.678996918503059e-06,4.395284703125,2.8607359785382868e-05,4.2147159056004974e-07,0.0,0.0,0.0,0.0,9.01598934375,0.00019298462606820977,1.1008175096350606e-07,0.0,0.0,0.0,0.0
86,1.393718441953125,1.2817369817241796e-07,3.4075130946818942e-09,0.00013029561765193876,0.00034392648379118765,4.386149637717551e-06,6.94836154262019e-06,1.400003279765625,1.3656601916700594e-07,7.316393982092961e-09,1.4185106629980848e-05,0.00014242743814532643,3.0801393308161015e-06,2.599046299646678e-05,1.40048706484375,1.377551321191106e-07,4.694990955727968e-09,6.543116587568141e-06,7.888695807448604e-05,3.7123817344384944e-06,2.3580931105987916e-05,1.56114356125,6.383242891558893e-07,4.187112479488522e-08,1.743013972526655e-06,2.9342737310253834e-05,4.410528072092622e-07,5.497196188783006e-06,4.191211265625,1.53911632701238e-05,2.367757667469744e-07,0.0,0.0,0.0,0.0,8.7635845,0.00011349012844220851,6.820824619761661e-08,0.0,0.0,0.0,0.0
87,1.2648504874609374,5.2454375021326885e-08,1.62202072501513e-09,0.00014609780637624682,0.0003856570412674969,4.486967805860331e-06,7.0009113197314174e-06,1.2708819503515625,5.617002221214307e-08,2.730159049863724e-09,1.507412097963711e-05,0.00015239782933111506,3.1035825344819857e-06,2.564203965215204e-05,1.2713424344921875,5.6664027234809566e-08,2.4633105426436363e-09,7.024214604017568e-06,8.261464831104369e-05,3.855075853251984e-06,2.363969939741323e-05,1.4236831545312498,2.85438417011008e-07,2.115449437957551e-08,1.5678130961809037e-06,2.777806852178054e-05,4.429023555370488e-07,5.340264555458164e-06,3.9954208245312497,7.908139370556455e-06,1.2690089774651216e-07,0.0,0.0,0.0,0.0,8.51821846875,6.387224765785504e-05,4.0621905690709044e-08,0.0,0.0,0.0,0.0
88,1.1447308361328126,2.0324260228576917e-08,7.323072278758566e-10,0.00016384094924092095,0.00043259279712097603,4.577984695345094e-06,7.0207263499764445e-06,1.150502710546875,2.1850869162953756e-08,1.1810503105289803e-09,1.570223056235174e-05,0.00015986106631182706,3.1088309747438962e-06,2.5058818658672797e-05,1.1509482068359373,2.2124148346236438e-08,1.0980698899596924e-09,7.741225678132702e-06,8.732794242790672e-05,3.997774432073517e-06,2.361357530600598e-05,1.2950966165625,1.2187077829128868e-07,9.416803868216671e-09,1.4577180953461844e-06,2.6663284795373294e-05,4.479848774299821e-07,5.196408538828502e-06,3.80764425,3.8557607232405645e-06,6.443497781078895e-08,0.0,0.0,0.0,0.0,8.27969003125,3.416513416959788e-05,2.338076162790616e-08,0.0,0.0,0.0,0.0
89,1.0329924384375,7.417020317257439e-09,3.0379019167453e-10,0.00018450176440728682,0.00047958653229953003,4.6559026189179065e-06,7.002818175802629e-06,1.0385004099609376,8.02111222608648e-09,4.0476072892833804e-10,1.6099900904360027e-05,0.00016330571809999883,3.099206723200749e-06,2.4256828943621715e-05,1.0389389823828126,8.149930306067255e-09,4.149670468225866e-10,8.690370446238609e-06,9.276206473572027e-05,4.135605794649639e-06,2.3481735281312444e-05,1.1750304118359376,4.960820084942697e-08,3.60209301581881e-09,1.3803972244061619e-06,2.5945397944777604e-05,4.553199762668091e-07,5.057137429342137e-06,3.6276178281250004,1.7690377501367038e-06,3.0786968174514025e-08,0.0,0.0,0.0,0.0,8.04780584375,1.7218828640579886e-05,1.3366140621274355e-08,0.0,0.0,0.0,0.0
90,0.9292731931640625,2.534214569527293e-09,1.177316749454754e-10,0.00020769526130698067,0.0005186021159536854,4.716051838904889e-06,6.9473591022281736e-06,0.9345158508984375,2.759256359063933e-09,1.3442388442028324e-10,1.6505832692426125e-05,0.00016500071498200085,3.07937526430905e-06,2.3317230237761074e-05,0.9349543441015624,2.8164200395752736e-09,1.4577454619742775e-10,9.926685703406019e-06,9.920893020191147e-05,4.265524023478643e-06,2.325163291836211e-05,1.063135111953125,1.906093145231935e-08,1.4351028277136812e-09,1.3313283780911682e-06,2.5564633092541734e-05,4.6419703930547205e-07,4.9099194130948035e-06,3.45508328125,7.557830618338812e-07,1.3622158553448024e-08,0.0,0.0,0.0,0.0,7.82237946875,8.086030145477708e-06,7.585064873587674e-09,0.0,0.0,0.0,0.0
91,0.8332175460546876,8.064783866001956e-10,3.975795043520033e-11,0.00023235596405174873,0.0005345637275333563,4.753330063268279e-06,6.859389914823956e-06,0.8381948974609374,8.847380093546242e-10,3.7549526076411837e-11,1.6983110301930387e-05,0.00016579946611870486,3.0483295345541576e-06,2.2261192724235868e-05,0.8386391451171874,9.066208804323072e-10,5.164352941211266e-11,1.1530025698272725e-05,0.00010616359276887978,4.379383725924009e-06,2.2874645870783645e-05,0.9590665950390626,6.8865267855156005e-09,5.296109213726087e-10,1.3072363783184041e-06,2.5477431718394995e-05,4.741566289929958e-07,4.747601311296287e-06,3.289787765625,2.9745909105827195e-07,5.543276389054974e-09,0.0,0.0,0.0,0.0,7.603230343750001,3.4875144193620146e-06,8.812823361348447e-09,0.0,0.0,0.0,0.0
92,0.7444764502343749,2.373664402602338e-10,1.4267725717636273e-11,0.00026239605043895154,0.0005565882433062453,4.76560161398254e-06,6.758706504946442e-06,0.749190400546875,2.622820509182167e-10,1.4038543433553927e-11,1.7824011468197737e-05,0.00016763399402003147,3.0071152655067804e-06,2.1121113041317524e-05,0.749644758125,2.707696890938416e-10,1.6495546859253444e-11,1.4030355203113014e-05,0.00011551125828050434,4.471765101618401e-06,2.2354093179207402e-05,0.862486322265625,2.334840322540388e-09,1.6518058185676962e-10,1.3404845581926094e-06,2.609369801726002e-05,4.851531672768272e-07,4.570218480097577e-06,3.1314834531250004,1.0654369506823968e-07,2.033427707269862e-09,0.0,0.0,0.0,0.0,7.3901836875,1.3566850297479505e-06,1.4264620515997645e-08,0.0,0.0,0.0,0.0
93,0.6627151361328125,6.492038912703224e-11,4.699740619008856e-12,0.00030603968432365035,0.0005988811993895043,4.7433491819735e-06,6.632063860335199e-06,0.6671581792578124,7.145036155786766e-11,4.252149675811767e-12,1.93998445147744e-05,0.0001736660930035681,2.9408652460046676e-06,1.97797218662639e-05,0.6676257292187501,7.419511437786047e-11,5.5362867199394316e-12,1.798856078497626e-05,0.000128783646620009,4.526512081324824e-06,2.1631933789435363e-05,0.773058904453125,7.355090591229518e-10,4.256511227810908e-11,1.4751046100115585e-06,2.7131894952052978e-05,4.96178971913563e-07,4.368605839999541e-06,2.979928203125,3.414690235459261e-08,6.643658921549679e-10,0.0,0.0,0.0,0.0,7.1830699375,4.659901331791616e-07,1.1920752479718367e-08,0.0,0.0,0.0,0.0
94,0.5876012690039063,1.6194301804065004e-11,1.3465193074967928e-12,0.00037534242467188503,0.0006754070178292031,4.660074984007778e-06,6.4418251312679975e-06,0.5917617418164063,1.7742806217302398e-11,1.2072562819360255e-12,2.1908011171618837e-05,0.00018330251409697708,2.823260589065853e-06,1.804468504632726e-05,0.5922426507617188,1.8556465150500885e-11,1.5460290029639986e-12,2.3916889140375133e-05,0.0001477089708515798,4.515825180101054e-06,2.062480856327255e-05,0.6904561478125,2.1386653700078418e-10,9.672761707451849e-12,1.7805197131145608e-06,2.8555573859004122e-05,5.051436866981402e-07,4.132910027629124e-06,2.834887421875,9.624766264426654e-09,1.8959747514064396e-10,0.0,0.0,0.0,0.0,6.981724250625001,1.3821146107062531e-07,4.817877659290564e-09,0.0,0.0,0.0,0.0
95,0.5187854418164063,3.5754168133117492e-12,3.502382285163983e-13,0.0004706783133785848,0.0007972354278549549,4.467543588285494e-06,6.104138776503456e-06,0.5226618774023437,3.928046746161026e-12,3.171090658646857e-13,2.5424982395261334e-05,0.00019584321813335677,2.6267148851520037e-06,1.5759123793863702e-05,0.5231544827929687,4.1393127151812325e-12,4.255130621177186e-13,3.262477519305633e-05,0.0001754692481350975,4.403549466382085e-06,1.9244542342023813e-05,0.6143502600390625,5.6431001298033745e-11,2.6220830627078706e-12,2.4040274667537484e-06,3.138032571539727e-05,5.082450016510198e-07,3.83811787166568e-06,2.696143796875,2.321707992747335e-09,4.5956519742156174e-11,0.0,0.0,0.0,0.0,6.78598858875,3.443751281118068e-08,1.059601254217404e-09,0.0,0.0,0.0,0.0
96,0.4559266621484375,7.025620029591385e-13,8.246773802060527e-14,0.0005834771356519468,0.0009234035564923878,4.114609116502521e-06,5.533531605403851e-06,0.45952977810546874,7.765231793081112e-13,7.679814698485579e-14,3.0509384680766467e-05,0.00021077245306063346,2.3301879100136378e-06,1.2871663030064961e-05,0.4600315441796875,8.270765425479184e-13,1.0443293060593799e-13,4.576499522919767e-05,0.00021616041375343943,4.142721857825609e-06,1.7358302990901207e-05,0.5444341699804687,1.3717783613025058e-11,8.131149525950103e-13,3.7407288272129823e-06,3.7131092580594674e-05,4.99598839751288e-07,3.452444542937511e-06,2.56357716421875,4.602091450423007e-10,9.107120967215955e-12,0.0,0.0,0.0,0.0,6.595724221875001,6.943042830664936e-09,1.9134036346622843e-10,0.0,0.0,0.0,0.0
97,0.39870376052734374,1.2071906132740022e-13,1.6847584001576206e-14,0.0007010508045287906,0.0010190790154550433,3.5551441694776644e-06,4.7105434383727295e-06,0.40205145972656253,1.3589331949561746e-13,1.6870954230433904e-14,3.758176610255392e-05,0.000223433715968106,1.9158818223515666e-06,9.49337055773174e-06,0.4025620303515625,1.4703828133433056e-13,2.315888966128132e-14,6.432639394340495e-05,0.00026879314728760954,3.6572380183110923e-06,1.4744548932360328e-05,0.4804150217578125,3.027869620287303e-12,2.6163873735668724e-13,6.5485717504148984e-06,4.742008644934484e-05,4.6712739883271937e-07,2.9378492208241274e-06,2.4371040701562503,7.006023502661995e-11,1.3737112762931423e-12,0.0,0.0,0.0,0.0,6.41085205,1.0552389286822005e-09,6.861782595044956e-12,0.0,0.0,0.0,0.0
98,0.346809710234375,1.825919993731672e-14,3.216693657668433e-15,0.0008683771429307399,0.001184090780172498,2.758041755353435e-06,3.6298908152532154e-06,0.3499217732226563,2.0939286241061e-14,3.5022076943653363e-15,4.519196714322484e-05,0.00022030095161996313,1.367777601494768e-06,5.8689692527497105e-06,0.3504446760351562,2.3226127766633912e-14,4.797426481208369e-15,8.736860233200802e-05,0.0003383669122496654,2.8443338021942797e-06,1.1178337938132114e-05,0.42200777287109376,6.176362658350063e-13,7.860801146352894e-14,1.1705326834313291e-05,6.711031022725213e-05,3.861829866228608e-07,2.233570037257986e-06,2.316563171875,7.268761334586898e-12,1.4353246889588641e-13,0.0,0.0,0.0,0.0,6.23130134875,1.0581338743403946e-10,1.6729811779625545e-12,0.0,0.0,0.0,0.0
99,0.30001455126953125,2.8720662611001316e-15,8.246693025176579e-16,0.001073174254492642,0.0014035783388487537,1.6152498708552622e-06,2.1124736444004465e-06,0.302947968828125,3.6922408752448365e-15,1.0027796712386956e-15,4.486492179498248e-05,0.00015345459639608527,6.897924466803402e-07,2.40592476807776e-06,0.3034946057324219,4.3035783591175785e-15,1.4281450037012587e-15,0.00010473667451827108,0.0004083249712092387,1.6122510849026646e-06,6.33640967606214e-06,0.3690681448828125,1.5029440644189656e-13,3.6134001990569476e-14,1.4044939854358923e-05,7.620875397800878e-05,2.171414884800697e-07,1.2018421888037415e-06,2.201781743359375,4.1797010264747056e-13,8.453695418625577e-15,0.0,0.0,0.0,0.0,6.056881099687501,5.2780650838411474e-12,6.47372700632005e-13,0.0,0.0,0.0,0.0
