level,-nu-0.01_pressure_bar,-nu-0.01_H2O_mean,-nu-0.01_H2O_std,-nu-0.01_H2O_l__mean,-nu-0.01_H2O_l__std,-nu-0.01_H2O_l_p__mean,-nu-0.01_H2O_l_p__std,-nu-0.1_pressure_bar,-nu-0.1_H2O_mean,-nu-0.1_H2O_std,-nu-0.1_H2O_l__mean,-nu-0.1_H2O_l__std,-nu-0.1_H2O_l_p__mean,-nu-0.1_H2O_l_p__std,-nu-1.0_pressure_bar,-nu-1.0_H2O_mean,-nu-1.0_H2O_std,-nu-1.0_H2O_l__mean,-nu-1.0_H2O_l__std,-nu-1.0_H2O_l_p__mean,-nu-1.0_H2O_l_p__std,-nu-10.0_pressure_bar,-nu-10.0_H2O_mean,-nu-10.0_H2O_std,-nu-10.0_H2O_l__mean,-nu-10.0_H2O_l__std,-nu-10.0_H2O_l_p__mean,-nu-10.0_H2O_l_p__std,-nu-50.0_pressure_bar,-nu-50.0_H2O_mean,-nu-50.0_H2O_std,-nu-50.0_H2O_l__mean,-nu-50.0_H2O_l__std,-nu-50.0_H2O_l_p__mean,-nu-50.0_H2O_l_p__std,-nu-100.0_pressure_bar,-nu-100.0_H2O_mean,-nu-100.0_H2O_std,-nu-100.0_H2O_l__mean,-nu-100.0_H2O_l__std,-nu-100.0_H2O_l_p__mean,-nu-100.0_H2O_l_p__std
0,98.583430705,0.024964680896140633,6.520785092732172e-07,0.0,0.0,0.0,0.0,98.616533055,0.024964636295102538,8.151075304799784e-07,0.0,0.0,0.0,0.0,98.621356495,0.02496475831978023,1.581766041299232e-06,0.0,0.0,0.0,0.0,98.92235107,0.024964523467235267,9.672451906358436e-10,0.0,0.0,0.0,0.0,100.80476296,0.024964522570371628,0.0,0.0,0.0,0.0,0.0,102.92236041999999,0.024964522570371628,0.0,0.0,0.0,0.0,0.0
1,95.778898195,0.024988024208694698,1.9535124634705587e-05,0.0,0.0,0.0,0.0,95.81105744000001,0.024985667809844018,3.227242041978137e-05,0.0,0.0,0.0,0.0,95.815873155,0.02499483221117407,6.15428139183275e-05,0.0,0.0,0.0,0.0,96.110715735,0.024964538126252593,4.8274068639231315e-08,0.0,0.0,0.0,0.0,97.94317597999999,0.02496459200978279,1.5456588145885426e-09,0.0,0.0,0.0,0.0,100.00337149,0.024964610763825477,3.21922408533134e-09,0.0,0.0,0.0,0.0
2,93.03316760999999,0.02499194428138435,2.300466868593401e-05,0.0,0.0,0.0,0.0,93.06440877,0.024986999922432005,3.586254911024566e-05,0.0,0.0,0.0,0.0,93.069432375,0.024993609301745892,5.9104969434551123e-05,0.0,0.0,0.0,0.0,93.364434155,0.024964553324505687,8.52252240584681e-08,0.0,0.0,0.0,0.0,95.155262,0.024964591339230537,1.1400240472033141e-09,0.0,0.0,0.0,0.0,97.164804,0.024964608049951494,5.793028546510291e-10,0.0,0.0,0.0,0.0
3,90.34386619000001,0.024993508785031735,2.5658458366858328e-05,0.0,0.0,0.0,0.0,90.374259855,0.024988443119451403,3.681139279012328e-05,0.0,0.0,0.0,0.0,90.37958216499999,0.024993041531182824,5.838284151368633e-05,0.0,0.0,0.0,0.0,90.68182278,0.024964567557908594,9.439078564973634e-08,0.0,0.0,0.0,0.0,92.439121,0.024964589330367742,1.0819030485188906e-09,0.0,0.0,0.0,0.0,94.40444099999999,0.024964606292545797,4.1355756182604774e-10,0.0,0.0,0.0,0.0
4,87.710430585,0.024993218090385197,2.4655313448515177e-05,0.0,0.0,0.0,0.0,87.7400499,0.02498819393478334,3.679613436422722e-05,0.0,0.0,0.0,0.0,87.745664365,0.024991674380376937,5.9610372574491787e-05,0.0,0.0,0.0,0.0,88.06142761,0.024964590603485704,8.878269088467214e-08,0.0,0.0,0.0,0.0,89.7929035,0.0249645875710994,9.880643436827275e-10,0.0,0.0,0.0,0.0,91.7201225,0.024964603843167423,8.977698429192727e-10,0.0,0.0,0.0,0.0
5,85.132174255,0.02499422979913652,2.4893186579894794e-05,0.0,0.0,0.0,0.0,85.16105732000001,0.024987460747361183,3.7068383405537114e-05,0.0,0.0,0.0,0.0,85.166965085,0.024991051910445095,6.098845794754175e-05,0.0,0.0,0.0,0.0,85.50184965500002,0.024964628868736325,8.258702271463116e-08,0.0,0.0,0.0,0.0,87.2148205,0.02496458593942225,1.0869918971686823e-09,0.0,0.0,0.0,0.0,89.1097555,0.02496460154559463,9.123154369032312e-10,0.0,0.0,0.0,0.0
6,82.6084587025,0.024995396296493708,2.509109582188865e-05,0.0,0.0,0.0,0.0,82.636640795,0.02498632494173944,3.6959442581534284e-05,0.0,0.0,0.0,0.0,82.64282208,0.024990816240198912,5.9938223947624274e-05,0.0,0.0,0.0,0.0,83.0017507075,0.024964670212939383,7.793211979016208e-08,0.0,0.0,0.0,0.0,84.703129,0.024964584853500126,1.302728211573628e-09,0.0,0.0,0.0,0.0,86.5713035,0.024964599447324872,8.298099818640322e-10,0.0,0.0,0.0,0.0
7,80.1386049575,0.024995991124771536,2.501691848417441e-05,0.0,0.0,0.0,0.0,80.1660994225,0.024985986731946467,3.6606943197342876e-05,0.0,0.0,0.0,0.0,80.17254276999999,0.02499019593652338,5.924892095812301e-05,0.0,0.0,0.0,0.0,80.55983808,0.024964674913324415,6.706567005943814e-08,0.0,0.0,0.0,0.0,82.2561455,0.024964583632536234,1.136356665608859e-09,0.0,0.0,0.0,0.0,84.1027885,0.024964597618207334,8.460572236439554e-10,0.0,0.0,0.0,0.0
8,77.721924745,0.024996174436062574,2.4695600128888783e-05,0.0,0.0,0.0,0.0,77.7487568,0.024986830273643137,3.551359495901902e-05,0.0,0.0,0.0,0.0,77.7554385875,0.02498906659986824,6.00866568099907e-05,0.0,0.0,0.0,0.0,78.174866825,0.024964591859839857,5.106453480772699e-08,0.0,0.0,0.0,0.0,79.87222975,0.02496458191704005,9.187916118977752e-10,0.0,0.0,0.0,0.0,81.702288,0.024964595939964057,9.085050521982606e-10,0.0,0.0,0.0,0.0
9,75.35773823,0.024995938057079913,2.6713505683791556e-05,0.0,0.0,0.0,0.0,75.38391446499999,0.024987924573011695,3.567858051180429e-05,0.0,0.0,0.0,0.0,75.390821585,0.024988204217515887,6.052644349221238e-05,0.0,0.0,0.0,0.0,75.8456281775,0.024964408769272268,5.884231898742283e-08,0.0,0.0,0.0,0.0,77.549794235,0.024964580280706285,9.938761045209135e-10,0.0,0.0,0.0,0.0,79.367935,0.02496459449082613,9.07656870972229e-10,0.0,0.0,0.0,0.0
10,73.04535804999999,0.024995804109610616,3.058211759775483e-05,0.0,0.0,0.0,0.0,73.0708891075,0.024988504777662457,3.840136204489737e-05,0.0,0.0,0.0,0.0,73.07800262,0.02498779197409749,5.967012518663535e-05,0.0,0.0,0.0,0.0,73.5709592125,0.02496420693397522,7.619669163061167e-08,0.0,0.0,0.0,0.0,75.28729525,0.024964579228311776,1.2786974160171322e-09,0.0,0.0,0.0,0.0,77.0979145,0.024964593211188914,4.90604608918202e-10,0.0,0.0,0.0,0.0
11,70.784096265,0.024996077967807652,3.3055676663167455e-05,0.0,0.0,0.0,0.0,70.8089961675,0.024988460732623934,4.028360744053695e-05,0.0,0.0,0.0,0.0,70.8162994025,0.02498798550013453,5.70717871300842e-05,0.0,0.0,0.0,0.0,71.3497328475,0.024964177902787925,1.0236761597698285e-07,0.0,0.0,0.0,0.0,73.083234,0.024964578152634205,9.388539957051878e-10,0.0,0.0,0.0,0.0,74.8904635,0.02496459147706628,1.4384638202419748e-10,0.0,0.0,0.0,0.0
12,68.57327306750001,0.024996123501099646,3.3879044849740145e-05,0.0,0.0,0.0,0.0,68.5975517675,0.024988404695875942,4.208407246403624e-05,0.0,0.0,0.0,0.0,68.6050331425,0.024988433602266012,5.500098075396993e-05,0.0,0.0,0.0,0.0,69.18086255,0.024964578902348877,1.5077326045449725e-07,0.0,0.0,0.0,0.0,70.93615842,0.024964576421305538,8.226884233658322e-10,0.0,0.0,0.0,0.0,72.74386975,0.024964589625597,0.0,0.0,0.0,0.0,0.0
13,66.4122100175,0.0249957619253546,3.430094813047145e-05,0.0,0.0,0.0,0.0,66.4358786075,0.024988503044471144,4.3680708486920093e-05,0.0,0.0,0.0,0.0,66.443520665,0.024988469501025973,5.336231473694355e-05,0.0,0.0,0.0,0.0,67.063291835,0.024965610497631133,2.236552394684146e-07,0.0,0.0,0.0,0.0,68.84465375,0.024964575013145803,1.1175482837575754e-09,0.0,0.0,0.0,0.0,70.65646625,0.02496458776295185,0.0,0.0,0.0,0.0,0.0
14,64.30023,0.02499542004056275,3.3425606101532766e-05,0.0,0.0,0.0,0.0,64.3232981,0.024988254551775755,4.3948712120914246e-05,0.0,0.0,0.0,0.0,64.3310886625,0.02498858610820025,5.167617313851135e-05,0.0,0.0,0.0,0.0,64.9960015325,0.024967240344733,3.3070454022545293e-07,0.0,0.0,0.0,0.0,66.80734825,0.024964574416168034,9.46307606123405e-10,0.0,0.0,0.0,0.0,68.62663625,0.0249645859003067,0.0,0.0,0.0,0.0,0.0
15,62.23666041,0.024995259270071984,3.217105087991609e-05,0.0,0.0,0.0,0.0,62.2591365325,0.024986983869224787,4.322315677513e-05,0.0,0.0,0.0,0.0,62.2670626975,0.024989200737327338,5.0348800924604985e-05,0.0,0.0,0.0,0.0,62.9779957275,0.02496910702716559,4.273284062235974e-07,0.0,0.0,0.0,0.0,64.82290925,0.02496457269974053,7.575975704215519e-10,0.0,0.0,0.0,0.0,66.65280625,0.024964584037661552,0.0,0.0,0.0,0.0,0.0
16,60.22082845,0.024994694147258998,3.120808842573605e-05,0.0,0.0,0.0,0.0,60.242722317500004,0.024985078205354512,4.243922095782286e-05,0.0,0.0,0.0,0.0,60.2507729575,0.024989979611709713,4.955049586520844e-05,0.0,0.0,0.0,0.0,61.0083199475,0.024970738544128835,9.471125365552658e-07,0.0,0.0,0.0,0.0,62.890041,0.024964571584016083,1.1073014181370015e-09,0.0,0.0,0.0,0.0,64.73344900000001,0.024964582913555206,9.111510055294559e-10,0.0,0.0,0.0,0.0
17,58.2520652775,0.024993687212467194,3.065768668523257e-05,0.0,0.0,0.0,0.0,58.27338798499999,0.02498356375284493,4.249554722449538e-05,0.0,0.0,0.0,0.0,58.281550645,0.024990727799013256,5.028338512364146e-05,0.0,0.0,0.0,0.0,59.0860329875,0.02497221650276333,1.4769868253117706e-06,0.0,0.0,0.0,0.0,61.0074852975,0.024964570761658252,7.951635196298281e-10,0.0,0.0,0.0,0.0,62.867078,0.024964582175016403,0.0,0.0,0.0,0.0,0.0
18,56.329705492500004,0.024993046483956276,2.9996544717287436e-05,0.0,0.0,0.0,0.0,56.350467255,0.02498306285496801,4.287157097791348e-05,0.0,0.0,0.0,0.0,56.3587318475,0.024991044268012047,5.168143200464757e-05,0.0,0.0,0.0,0.0,57.210227005,0.024975016959011553,1.2092715895012878e-06,0.0,0.0,0.0,0.0,59.1740170225,0.024964569089002908,8.613596016261398e-10,0.0,0.0,0.0,0.0,61.052251749999996,0.024964580312371254,0.0,0.0,0.0,0.0,0.0
19,54.45308853,0.02499291281402111,2.932035167217487e-05,0.0,0.0,0.0,0.0,54.4732981325,0.024983166852965952,4.2956577974002304e-05,0.0,0.0,0.0,0.0,54.48165373,0.0249906191136688,5.268934990599361e-05,0.0,0.0,0.0,0.0,55.380002915000006,0.02498235695529729,4.833977218680424e-06,0.0,0.0,0.0,0.0,57.38844825,0.024964568722993137,1.0077512758553339e-09,0.0,0.0,0.0,0.0,59.287563250000005,0.024964578449726105,0.0,0.0,0.0,0.0,0.0
20,52.62155534,0.024992946790531278,2.8959869198901617e-05,0.0,0.0,0.0,0.0,52.6412225,0.02498348515108228,4.284790092810492e-05,0.0,0.0,0.0,0.0,52.64965887,0.02499021268542856,5.2790886222004454e-05,0.0,0.0,0.0,0.0,53.5944827425,0.024998123980127275,1.348659710290056e-05,0.0,0.0,0.0,0.0,55.64962125,0.024964567087590695,7.213993642865525e-10,0.0,0.0,0.0,0.0,57.571652,0.02496457715611905,8.579695171940904e-10,0.0,0.0,0.0,0.0
21,50.834449545,0.024993129642680287,2.9307382166608356e-05,0.0,0.0,0.0,0.0,50.853584007500004,0.024983801445923746,4.3141163881542125e-05,0.0,0.0,0.0,0.0,50.8620912275,0.02499029031675309,5.228541085007053e-05,0.0,0.0,0.0,0.0,51.852796354999995,0.025024413918145,2.4663973873103523e-05,0.0,0.0,0.0,0.0,53.9564095,0.024964566177688538,1.1209468302883052e-09,0.0,0.0,0.0,0.0,55.90319025,0.024964576587080956,0.0,0.0,0.0,0.0,0.0
22,49.0911158875,0.024993685241788625,3.0741822520904484e-05,0.0,0.0,0.0,0.0,49.1097305575,0.024983510119840503,4.378908504959269e-05,0.0,0.0,0.0,0.0,49.118298625,0.024990294092334806,5.248098409496293e-05,0.0,0.0,0.0,0.0,50.15409494,0.02506022441294044,3.505744981207222e-05,0.0,0.0,0.0,0.0,52.307720499999995,0.02496456520073116,7.455957044930447e-10,0.0,0.0,0.0,0.0,54.28089125,0.024964574724435806,0.0,0.0,0.0,0.0,0.0
23,47.3909070125,0.024994024346582593,3.2640396535141114e-05,0.0,0.0,0.0,0.0,47.409011262499995,0.024982772283256054,4.526655701930909e-05,0.0,0.0,0.0,0.0,47.4176317425,0.02498997490666807,5.259360681252255e-05,0.0,0.0,0.0,0.0,48.49755722,0.02510306393261999,4.1203955956302106e-05,0.0,0.0,0.0,0.0,50.702487000000005,0.024964563728310168,8.478366043758829e-10,0.0,0.0,0.0,0.0,52.70349975,0.024964572899974884,2.639424699314049e-10,0.0,0.0,0.0,0.0
24,45.73317692,0.02499376439023763,3.435801001473967e-05,0.0,0.0,0.0,0.0,45.7507811475,0.024982190950773656,4.7001875602489785e-05,0.0,0.0,0.0,0.0,45.759444325000004,0.02498970412183553,5.1608248251478454e-05,0.0,0.0,0.0,0.0,46.8823781275,0.025150042405351996,4.0572656324529044e-05,0.0,0.0,0.0,0.0,49.139672999999995,0.024964563325047495,7.579844426131176e-10,0.0,0.0,0.0,0.0,51.16979875,0.024964572861790657,0.0,0.0,0.0,0.0,0.0
25,44.1172811275,0.024993051214143632,3.6177915012536615e-05,0.0,0.0,0.0,0.0,44.1343970225,0.024981943673454226,4.794691479073252e-05,0.0,0.0,0.0,0.0,44.1430936125,0.024989582534879446,5.058134665792991e-05,0.0,0.0,0.0,0.0,45.307791845000004,0.02519771098718047,3.8141009873968437e-05,0.0,0.0,0.0,0.0,47.61826875,0.02496456177625805,7.592369885690838e-10,0.0,0.0,0.0,0.0,49.67860275,0.024964570999145508,0.0,0.0,0.0,0.0,0.0
26,42.542580677500005,0.024992309421300887,3.78381549867499e-05,0.0,0.0,0.0,0.0,42.559218345,0.0249817220736295,4.8942529631379125e-05,0.0,0.0,1.401298464324817e-48,6.265230350794826e-47,42.56793971,0.024989683204330503,5.088281416664093e-05,0.0,0.0,3.503246160812043e-48,6.997728725546945e-47,43.7730606425,0.02524402773194015,4.356099848772601e-05,0.0,0.0,0.0,0.0,46.1372905,0.024964561462402345,7.579844426131176e-10,0.0,0.0,0.0,0.0,48.2287625,0.02496456937585026,6.233262050432691e-10,0.0,0.0,0.0,0.0
27,41.00843854,0.024992065040394664,3.9357725853615606e-05,0.0,0.0,1.0089348943138682e-46,4.246096209978178e-46,41.024609148749995,0.02498129832278937,5.0747767088353924e-05,0.0,0.0,2.7255255131117693e-46,1.2523169647746479e-45,41.0333466175,0.024990023585036398,5.39304957294037e-05,0.0,0.0,2.8236164056145066e-46,1.0889610641768605e-45,42.277463614999995,0.025295002911239862,5.3756463200596e-05,0.0,0.0,0.0,0.0,44.69578224999999,0.024964559888467193,6.761555827571694e-10,0.0,0.0,0.0,0.0,46.8191575,0.02496456913650036,0.0,0.0,0.0,0.0,0.0
28,39.5142230875,0.024992437779903412,4.043466401133609e-05,0.0,0.0,3.7877097490699803e-45,5.1936573214743625e-45,39.52993563625,0.024980647755786775,5.263062214504441e-05,0.0,0.0,4.258546033083119e-45,1.717030850325183e-44,39.53867936625,0.024990678035654128,5.8343733872302805e-05,0.0,0.0,4.519187547447535e-45,1.535271800062858e-44,40.82025006,0.025366925762966275,6.949764639811921e-05,0.0,0.0,0.0,0.0,43.2928107325,0.024964559599757196,7.579844426131176e-10,0.0,0.0,0.0,0.0,45.448699749999996,0.02496456727385521,0.0,0.0,0.0,0.0,0.0
29,38.05930259625,0.024993103954941035,4.135894409884586e-05,0.0,0.0,5.560001981824793e-44,7.377771198443776e-44,38.074567155,0.024980037856847048,5.4558775203391715e-05,0.0,0.0,6.189675446769149e-44,2.398035751070794e-43,38.08330988125,0.024991755918599666,6.383991864744927e-05,0.0,0.0,6.566694798595741e-44,2.205252484851782e-43,39.40063804875,0.025470935768447816,9.438439763051584e-05,0.0,0.0,0.0,0.0,41.92746575,0.024964558051899077,6.627431739900274e-10,0.0,0.0,0.0,0.0,44.11633,0.02496456726361066,1.3775705958479329e-10,0.0,0.0,0.0,0.0
30,36.64305353,0.024993683379143476,4.235579222699103e-05,0.0,0.0,8.097599357885961e-43,1.0566618553197042e-42,36.657878672500004,0.024979471517726778,5.636590222808373e-05,0.0,0.0,8.989119453874053e-43,3.363796404587176e-42,36.666612125,0.02499273817706853,6.959501205670184e-05,0.0,0.0,9.541609399403399e-43,3.178433733715516e-42,38.017866062500005,0.025590414055623113,0.00011893371493027197,0.0,0.0,0.0,0.0,40.598862374999996,0.02496455775946379,7.100954458445221e-10,0.0,0.0,0.0,0.0,42.8210180525,0.02496456541121006,0.0,0.0,0.0,0.0,0.0
31,35.26485026125,0.02499418971221894,4.2784423431315566e-05,0.0,0.0,1.1796875262820098e-41,1.5158796048271266e-41,35.27924531625,0.024978853824548425,5.7366862661877424e-05,0.0,0.0,1.3065578662555108e-41,4.737638012789307e-41,35.287961851249996,0.024993463744409382,7.276935847050299e-05,0.0,0.0,1.3873111935083891e-41,4.5905719034849524e-41,36.6712415325,0.025701069219037892,0.00012639702150282468,0.0,0.0,0.0,0.0,39.306136375,0.024964556257240474,7.408312533686764e-10,0.0,0.0,0.0,0.0,41.56176575,0.0249645642247051,8.956805726078837e-10,0.0,0.0,0.0,0.0
32,33.924073776250005,0.024994735828600824,4.270288395640125e-05,0.0,0.0,1.7193195634792657e-40,2.178224489723511e-40,33.93804676875,0.02497832850087434,5.728293217799187e-05,0.0,0.0,1.9007678512035976e-40,6.700525893003787e-40,33.94673966375,0.024994056838564576,7.435388293447957e-05,0.0,0.0,2.0184880345037044e-40,6.6423266668883655e-40,35.36011548875,0.025807023521512748,0.00011736617717135357,0.0,0.0,0.0,0.0,38.04844525,0.024964555948972702,5.698598377696555e-10,0.0,0.0,0.0,0.0,40.3375975,0.02496456354856491,0.0,0.0,0.0,0.0,0.0
33,32.62010606875,0.024995259529910982,4.249852921883776e-05,0.0,0.0,2.5068988482415637e-39,3.135675834607137e-39,32.633667095,0.024977980686351656,5.769049175780425e-05,0.0,0.0,2.7677128862690118e-39,9.51715039281059e-39,32.64232729125,0.024994250033050776,7.459600622562456e-05,0.0,0.0,2.938828578554328e-39,9.62667758406487e-39,34.08383554625,0.025933538020588457,0.00011509076520945815,0.0,0.0,7.006492321624086e-49,3.1326151753974123e-47,36.824967125,0.024964554954320192,1.0151057198725809e-09,0.0,0.0,0.0,0.0,39.1475675,0.024964561704546213,1.8533085232723882e-10,0.0,0.0,0.0,0.0
34,31.35233542,0.02499570889864117,4.2673229307777034e-05,0.0,0.0,3.656915364567543e-38,4.522824346414343e-38,31.365493921249996,0.024977860703133046,5.92975360205095e-05,0.0,0.0,4.0336176209787334e-38,1.3574806997948264e-37,31.3741151925,0.02499386447761208,7.321182543575896e-05,0.0,0.0,4.281631932656395e-38,1.3971733407927107e-37,32.841717172500005,0.02609794059302658,0.00015244080001387508,0.0,0.0,4.90454462513686e-47,5.182436719212678e-46,35.634899454999996,0.024964554123580455,4.423537137746035e-10,0.0,0.0,0.0,0.0,37.9907545,0.02496456168591976,0.0,0.0,0.0,0.0,0.0
35,30.120151701250002,0.02499595731496811,4.4022607501295416e-05,0.0,0.0,5.336999341640759e-37,6.536944617015748e-37,30.13291794375,0.024977804904803634,6.224093591548476e-05,0.0,0.0,5.883554075522335e-37,1.944208080929592e-36,30.141492415,0.024993378949351608,7.115156524958455e-05,0.0,0.0,6.2420130063194305e-37,2.030349332457044e-36,31.633082255,0.026273632222786544,0.00019638533135566652,0.0,0.0,1.1084270852809304e-45,7.280459488510238e-45,34.4774605,0.024964553910307587,8.413915754180078e-10,0.0,0.0,0.0,0.0,36.866263125,0.024964559823274612,0.0,0.0,0.0,0.0,0.0
36,28.92294837625,0.02499609421007335,4.6453629525333837e-05,0.0,0.0,7.792687206341389e-36,9.46756052824678e-36,28.935331753750003,0.024977506188675763,6.482986385401635e-05,0.0,0.0,8.58900031641285e-36,2.7954253591433085e-35,28.943853905,0.02499322964437306,6.940555572252265e-05,0.0,0.0,9.105605714302888e-36,2.9537554385371746e-35,30.45729203625,0.026421884103678166,0.000207462397976461,0.0,0.0,1.6257864783096528e-44,1.0562664538945551e-43,33.351884874999996,0.02496455229818821,3.6500241499888577e-10,0.0,0.0,0.0,0.0,35.773222125,0.024964559823274612,0.0,0.0,0.0,0.0,0.0
37,27.760124180000002,0.024996258488856254,5.097653211700113e-05,0.0,0.0,1.1383759913599161e-34,1.3739962769077677e-34,27.77213437125,0.02497698510810733,6.690161009534966e-05,0.0,0.0,1.254837686269774e-34,4.033888801309529e-34,27.780596770000002,0.024993447121232748,6.899315327860801e-05,0.0,0.0,1.329051861331805e-34,4.301241471348784e-34,29.31374527875,0.02652327507920563,0.00017992173001045526,0.0,0.0,2.359338198414408e-43,1.5321958687971253e-42,32.257427875,0.02496455219667405,6.052013279529424e-10,0.0,0.0,0.0,0.0,34.710784,0.024964557960629463,0.0,0.0,0.0,0.0,0.0
38,26.63107982625,0.02499643924925476,5.730779011960063e-05,0.0,0.0,1.663754334896557e-33,1.997926906569703e-33,26.642724792499997,0.024976512972265483,6.914995181212687e-05,0.0,0.0,1.8346782156349823e-33,5.840345376707524e-33,26.65112297625,0.02499358115904033,6.865130508483614e-05,0.0,0.0,1.940896555977313e-33,6.268504995135821e-33,28.201838521250004,0.02659697407204658,0.00011725640296634222,0.0,0.0,3.422858572458353e-42,2.222694054386098e-41,31.193359125,0.024964550656266512,6.775978183007229e-10,0.0,0.0,0.0,0.0,33.678124125000004,0.024964557960629463,0.0,0.0,0.0,0.0,0.0
39,25.535219647499996,0.02499654727894813,6.312407760733775e-05,0.0,0.0,2.4326970079919402e-32,2.910471499803713e-32,25.546508442500002,0.02497631281428039,7.150025392469562e-05,0.0,0.0,2.6843462035648665e-32,8.480961260199238e-32,25.55483534375,0.024993488328531384,6.913797031154933e-05,0.0,0.0,2.835723167948212e-32,9.141441298817457e-32,27.1209585175,0.026650650064460935,5.855743333652244e-05,0.0,0.0,4.965978460656861e-41,3.2247505037491525e-40,30.158967999999998,0.024964550398290156,4.423537137746035e-10,0.0,0.0,0.0,0.0,32.674441125,0.024964556097984314,0.0,0.0,0.0,0.0,0.0
40,24.471951851249997,0.024996603191830218,6.795168852358622e-05,0.0,0.0,3.5585084070576506e-31,4.246888023100734e-31,24.482892127499998,0.024976511385291816,7.436024937509102e-05,0.0,0.0,3.9301028256778586e-31,1.2348115288766758e-30,24.4911438,0.024993180859833954,7.037639096552348e-05,0.0,0.0,4.1447506977003845e-31,1.3337877832494218e-30,26.070472404999997,0.02669835688173771,3.8514815974408664e-05,0.0,0.0,7.205570114113842e-40,4.679224387266503e-39,29.153557625,0.024964550186879934,7.800853729669735e-10,0.0,0.0,0.0,0.0,31.698953624999998,0.024964556097984314,0.0,0.0,0.0,0.0,0.0
41,23.440686175000003,0.02499688779655844,7.182803599573137e-05,0.0,0.0,5.207290218505544e-30,6.206295746318168e-30,23.45128744625,0.024977554752491415,7.810096007068433e-05,0.0,0.0,5.757525688123029e-30,1.8020418325287358e-29,23.459458842500002,0.02499282656144351,7.202491776636235e-05,0.0,0.0,6.060052554292452e-30,1.9468554571378593e-29,25.0497367375,0.026753350341692565,3.864162810125705e-05,0.0,0.0,1.045669848006872e-38,6.79048425834339e-38,28.176448401250003,0.024964548572897913,3.6500241499888577e-10,0.0,0.0,0.0,0.0,30.750903625,0.024964554437436164,5.79302854651029e-10,0.0,0.0,0.0,0.0
42,22.44084017125,0.024997487286105752,7.437719524958281e-05,0.0,0.0,7.62246587444509e-29,9.081775288211545e-29,22.451111182499996,0.024979192540980875,8.323115157673295e-05,0.0,0.0,8.43922464442237e-29,2.634994572149633e-28,22.45919438625,0.02499257997609675,7.576634271561863e-05,0.0,0.0,8.862628673343655e-29,2.8426090784996326e-28,24.05812325125,0.026800569684244692,4.259839874208253e-05,0.0,0.0,1.5177015482667627e-37,9.856034276417907e-37,27.226975,0.0249645485188812,4.720951204434845e-10,0.0,0.0,0.0,0.0,29.82955125,0.024964554235339165,0.0,0.0,0.0,0.0,0.0
43,21.47183040625,0.024998026865534484,7.635194577554081e-05,0.0,0.0,1.1160594804109075e-27,1.3304604846626677e-27,21.481779907499998,0.024980349455028774,8.440200464251543e-05,0.0,0.0,1.2375459908830059e-27,3.859118889784304e-27,21.489770862500002,0.024992585882544518,8.097838885690576e-05,0.0,0.0,1.2963213511102377e-27,4.151180683420531e-27,23.0950372075,0.02683696267101914,4.3395415530568776e-05,0.0,0.0,2.2030727654564104e-36,1.4308066387699108e-35,26.304487124999998,0.024964547273702918,9.098287523994186e-10,0.0,0.0,0.0,0.0,28.934178375,0.024964554207399486,2.2640909591956464e-10,0.0,0.0,0.0,0.0
44,20.533080249375,0.024998281032778322,7.968426309079462e-05,0.0,0.0,1.6343644451561887e-26,1.950905234545331e-26,20.542717156875,0.024980716235935688,8.207961544114611e-05,0.0,0.0,1.8153372894424544e-26,5.65893959928727e-26,20.5506093275,0.024992609836161136,8.389336667960074e-05,0.0,0.0,1.8961573935538724e-26,6.061487354104499e-26,22.1599131675,0.026867380852811037,5.8391871642022825e-05,0.0,0.0,3.1981649389252077e-35,2.077436348386858e-34,25.408348875,0.024964546710252764,3.6500241499888577e-10,0.0,0.0,0.0,0.0,28.064086,0.024964552372694016,0.0,0.0,0.0,0.0,0.0
45,19.624014785625,0.024998196011409162,8.455357437884962e-05,0.0,0.0,2.3934916675915845e-25,2.8626758172841573e-25,19.633349273125,0.024980492267757653,7.940542152043672e-05,0.0,0.0,2.6633393713956787e-25,8.30560845072089e-25,19.641137786875,0.024992504596710204,8.489411056740928e-05,0.0,0.0,2.7732289802926005e-25,8.848470698245235e-25,21.252219258750003,0.026885042142122985,7.208860389971842e-05,0.0,0.0,4.642811979114464e-34,3.0166085380853268e-33,24.537937875,0.024964546643197538,4.935974501088823e-10,0.0,0.0,0.0,0.0,27.2185925,0.024964552372694016,0.0,0.0,0.0,0.0,0.0
46,18.74406608125,0.02499777043517679,9.063171467427543e-05,0.0,0.0,3.504882133750688e-24,4.202349845788222e-24,18.75310525125,0.02497994096111506,7.849253280839859e-05,0.0,0.0,3.907361318510317e-24,1.2196728654415267e-23,18.76078600875,0.024992096367292105,8.701617912858822e-05,0.0,0.0,4.0548283808506965e-24,1.2911150574094267e-23,20.371446329375,0.026885818582959475,7.387165373358743e-05,0.0,0.0,6.740001258683335e-33,4.38061914138758e-32,23.6926445,0.024964545101858675,6.642824335802795e-10,0.0,0.0,0.0,0.0,26.39703575,0.024964550510048866,0.0,0.0,0.0,0.0,0.0
47,17.892667576875,0.02499728128220886,9.794611780998097e-05,0.0,0.0,5.130880698711974e-23,6.169690442984784e-23,17.9014182225,0.024979410745203497,8.116021351836665e-05,0.0,0.0,5.730952776032026e-23,1.7914024004036186e-22,17.90898658375,0.024991527969948947,9.045386063751482e-05,0.0,0.0,5.925764575242741e-23,1.882745964881688e-22,19.51709802125,0.02687189078051597,7.402785279976817e-05,0.0,0.0,9.783933970008808e-32,6.361308557428561e-31,22.871873875000002,0.024964544847607614,3.6500241499888577e-10,0.0,0.0,0.0,0.0,25.598771375000002,0.024964550510048866,0.0,0.0,0.0,0.0,0.0
48,17.069255786875,0.024996979258023203,0.00010537134884246776,0.0,0.0,7.507234034273418e-22,9.055860122443174e-22,17.077725610625002,0.024979437980800868,8.588664020124641e-05,0.0,0.0,8.401106277174224e-22,2.6306104705507256e-21,17.085175663125,0.024991576462984087,9.625275728318292e-05,0.0,0.0,8.65346802046938e-22,2.7431898150510656e-21,18.688683156875,0.026846494602039455,7.92799632898259e-05,0.0,0.0,1.420157769140242e-30,9.238464693856603e-30,22.075041377500003,0.024964544773101807,5.053229617420785e-10,0.0,0.0,0.0,0.0,24.823171375,0.024964550510048866,0.0,0.0,0.0,0.0,0.0
49,16.273271490625,0.02499688543844968,0.00011344252607155388,0.0,0.0,1.0974862423982891e-20,1.3283517578255381e-20,16.281466886875002,0.024980427574366332,9.219853444150642e-05,0.0,0.0,1.2304492418378068e-20,3.86055825368854e-20,16.288794791875,0.02499242624733597,0.00010753517880457246,0.0,0.0,1.2623205622358673e-20,3.9923222298313864e-20,17.885714180625,0.026814740442670883,9.341326535020787e-05,0.0,0.0,2.0611450594844824e-29,1.3418115967057178e-28,21.301576,0.02496454367507249,1.1501283284962668e-09,0.0,0.0,0.0,0.0,24.069625125,0.02496454857941717,3.4930308192823994e-10,0.0,0.0,0.0,0.0
50,15.504160099375001,0.0249970880234614,0.00012204007278850057,0.0,0.0,1.602415990076864e-19,1.9462787858019592e-19,15.512088648125001,0.02498166914563626,9.807879880106889e-05,0.0,0.0,1.799795344376328e-19,5.659276127113126e-19,15.519288898125,0.024992971698753537,0.0001197868051662585,0.0,0.0,1.8386772899877857e-19,5.8013833418495e-19,17.107708884375,0.02678622751031071,0.00010601554471317403,0.0,0.0,2.9908702038269665e-28,1.9489738520095826e-27,20.550918187500002,0.024964544700458644,3.0803212223133272e-09,0.0,0.0,0.0,0.0,23.337538624999997,0.02496455057989806,4.411510965203963e-10,0.0,0.0,0.0,0.0
51,14.76136981375,0.024997903374023734,0.00012974666544261472,0.0,0.0,2.335465269805125e-18,2.8466835434007277e-18,14.769037525,0.024982257251627744,0.00010140962496929598,0.0,0.0,2.6276723479725597e-18,8.281729328147944e-18,14.7761056475,0.02499263015855104,0.00012597660872148408,0.0,0.0,2.6727600855540814e-18,8.412902109168387e-18,16.354187733125,0.0267648275597021,0.000110728224866077,0.0,0.0,4.338882952875427e-27,2.830903973581695e-26,19.822519935000003,0.024964538287371395,9.336880356707103e-09,0.0,0.0,0.0,0.0,22.626332374999997,0.024964542865753173,1.3498511132768706e-09,0.0,0.0,0.0,0.0
52,14.044353818125,0.0249985946752131,0.0001358981747745144,0.0,0.0,3.395273422441088e-17,4.1531349688877823e-17,14.0517672575,0.02498189403861761,0.00010525460827984833,0.0,0.0,3.8263488639951326e-17,1.2088959884002577e-16,14.058698680000001,0.02499255157634616,0.00013015668396558114,0.0,0.0,3.874465052790708e-17,1.2166314605897044e-16,15.624680624375001,0.026744732052087782,0.0001233158185857873,0.0,0.0,6.292290534798935e-26,4.1116149063828446e-25,19.1158440525,0.024964550694450735,2.6546333389130372e-08,0.0,0.0,0.0,0.0,21.93544375,0.024964551571756602,3.792255866966644e-09,0.0,0.0,0.0,0.0
53,13.35256786,0.02499753377959132,0.00014437401908768107,0.0,0.0,4.918964184399296e-16,6.038005304756172e-16,13.35973314375,0.024980596851557492,0.00011366086156219089,0.0,0.0,5.552032875555924e-16,1.75849808952919e-15,13.366522430624999,0.024993195779621603,0.00013717786315227174,0.0,0.0,5.595799523146938e-16,1.7530046392883497e-15,14.918720539375002,0.02672615938074887,0.0001393886440068752,0.0,0.0,9.12108556902889e-25,5.9705477360415774e-24,18.430364753125,0.024964513137936593,6.395743859098289e-08,0.0,0.0,0.0,0.0,21.264324,0.024964547963812946,8.775868187106527e-09,0.0,0.0,0.0,0.0
54,12.6854709775,0.024995605141855778,0.0001594792061398494,0.0,0.0,7.092066342553649e-15,8.734800037275894e-15,12.692393917499999,0.02497889774478972,0.00012735354728842042,0.0,0.0,8.015956367237718e-15,2.5452958276682817e-14,12.6990381075,0.024995523643679917,0.00015453394469456763,0.0,0.0,8.041110632567723e-15,2.5131816701693634e-14,14.235846034375001,0.026711173123680054,0.00014752165624772582,0.0,0.0,1.3213564627727971e-23,8.666611531751226e-23,17.7655661875,0.0249646253651008,1.345123138006815e-07,0.0,0.0,0.0,0.0,20.612439360625,0.024964522032998503,1.7703976010600296e-08,0.0,0.0,0.0,0.0
55,12.042527353125001,0.02499488696269691,0.00018532213172435015,0.0,0.0,1.0154658972750927e-13,1.2547119718165586e-13,12.049213876875001,0.024977711545303465,0.00014431906391745538,0.0,0.0,1.1492182303465054e-13,3.658327361277353e-13,12.055705940000001,0.024998551221564413,0.00018221730314818974,0.0,0.0,1.1472913460860147e-13,3.5776156669224144e-13,13.575597603124999,0.02669648771267384,0.0001521481734021366,0.0,0.0,1.9126437164201863e-22,1.257215120160268e-21,17.1209435,0.024964416599832475,2.2488306583643745e-07,0.0,0.0,0.0,0.0,19.979269438125,0.024964598675258458,3.002896395010392e-08,0.0,0.0,0.0,0.0
56,11.423204781875,0.024994044905528427,0.00020886580715689956,4.5086778089650987e-45,4.386422771739558e-44,1.4405054735158761e-12,1.7854897116862745e-12,11.429661202499998,0.02497749590780586,0.0001630134792548198,1.2870926394823445e-45,3.0314554246918857e-44,1.6323426353196606e-12,5.209816626911327e-12,11.4359945275,0.025003286517225207,0.00021630860767961866,1.5077971476135033e-45,4.492682252031422e-44,1.6215713802144786e-12,5.045376857245729e-12,12.937521394374999,0.026679744732566176,0.00015911719263161082,0.0,0.0,2.7654141299659488e-21,1.8220442255667387e-20,16.496000758125,0.024964640407823025,2.8155131936934395e-07,0.0,0.0,0.0,0.0,19.3643086875,0.02496450152620673,4.102436070655742e-08,0.0,0.0,0.0,0.0
57,10.826971908125,0.024993445176631213,0.00022913680386065513,1.2101753667755553e-43,1.4976048693672904e-42,2.0153060001990266e-11,2.5044039462459614e-11,10.83320386625,0.024976872961036862,0.0001871972531869048,9.319335436992196e-45,1.698314214314527e-43,2.2857660967868288e-11,7.312618020006758e-11,10.839372735,0.02501079552434385,0.0002578464293260544,6.676486533275591e-45,1.0396439126757041e-43,2.259904230143349e-11,7.015194823869089e-11,12.321167215625001,0.02666178459953517,0.00017031473413932807,0.0,0.0,3.99230099981069e-20,2.6370286324004116e-19,15.890253340000001,0.024964470182545485,4.5476224693750197e-07,0.0,0.0,0.0,0.0,18.7670639875,0.024964461737312378,2.0567647882723087e-08,0.0,0.0,0.0,0.0
58,10.25330550375,0.025000526546500625,0.0002629147338538237,2.2672523120934263e-28,1.4023611516503531e-27,2.7569539540212843e-10,3.434708079897479e-10,10.2593185740625,0.02497447464149445,0.00023949047270630246,6.319811860152657e-29,1.159485442073404e-27,3.130122305067105e-10,1.0037828877312473e-09,10.265312450625,0.025020018965005875,0.00030145194584272266,2.9199157604697754e-29,8.460457867955548e-28,3.0797483676850104e-10,9.54103030627238e-10,11.726084366875,0.026647002960555256,0.00018234448312443784,0.0,0.0,5.75158655308888e-19,3.809004625797734e-18,15.303225007499998,0.024964902193285524,2.19356428408868e-06,0.0,0.0,0.0,0.0,18.18705556625,0.024964813066646458,2.0558377704406324e-07,0.0,0.0,0.0,0.0
59,9.701668794062499,0.02501608995720744,0.00031857388884728305,1.0290558012212168e-26,1.6630349351601513e-25,3.6606054273071966e-09,4.575932323724182e-09,9.70747310875,0.024971222050487994,0.00033414192495431457,5.988463749064191e-28,7.08610962185957e-27,4.16578348034829e-09,1.3401151037990869e-08,9.713284523437501,0.02502401458565146,0.00036431636533075604,3.459416870615699e-27,7.233761962593627e-26,4.07702534836938e-09,1.260967041154151e-08,11.151823198125,0.026637650601565838,0.0001940463816862251,0.0,0.0,8.26290438608824e-18,5.4861769556168546e-17,14.734447576875,0.024968888146802783,7.033194255984201e-06,0.0,0.0,0.0,0.0,17.623815834375,0.024964699937961996,1.8475477948473635e-06,0.0,0.0,0.0,0.0
60,9.171533711875,0.02506891748588532,0.00044427107051942064,4.703068468061313e-13,2.784072579615359e-12,4.591818089266475e-08,5.732895547201894e-08,9.1771432725,0.02496702578663826,0.0005811637803804519,3.7096660225593993e-13,6.4308791483389915e-12,5.220593832079648e-08,1.6805599208558604e-07,9.1827685790625,0.02502225138153881,0.0005157431221086054,6.481181625579983e-14,1.7547808617381392e-12,5.0980465501197677e-08,1.57025732117949e-07,10.597939236250001,0.026631821115501227,0.00020444768422337665,0.0,0.0,1.182561226892101e-16,7.869795121974054e-16,14.183464963750001,0.02496568612102419,5.068082446277006e-06,0.0,0.0,0.0,0.0,17.076890245,0.024964931186288595,4.973594615292187e-06,0.0,0.0,0.0,0.0
61,8.662336561875,0.025276590827852486,0.000826691848721915,5.140993277137779e-09,1.690900133279424e-08,5.014946967895713e-07,6.255680378745785e-07,8.66781616375,0.02488783682696521,0.0011630232440183973,2.0065021065217214e-09,2.3043262210343226e-08,5.712585941078666e-07,1.841448658883666e-06,8.6732522328125,0.024942090678960086,0.0010677668857659711,5.988909958024067e-10,7.795061950115253e-09,5.563883741536341e-07,1.7060054573964557e-06,10.0639907115625,0.026624301739037036,0.00021440025395144443,0.0,0.0,1.6835740586407778e-15,1.1227318816459537e-14,13.649828640625,0.024967857708223164,8.117613650681387e-06,0.0,0.0,0.0,0.0,16.545835051875,0.02496596711408347,1.0251345040591163e-06,0.0,0.0,0.0,0.0
62,8.1738063775,0.023869288471061737,0.001255040698560557,0.0003112493585088838,0.0003440854777469538,4.06099271868697e-06,4.7885809284944475e-06,8.1794214740625,0.022854003665968774,0.0016750084435019036,7.295288357018878e-05,0.0002620904974542499,4.392387801580919e-06,1.372163313404624e-05,8.184672235312501,0.022866778274066746,0.0018909910864034728,5.747412635368656e-05,0.00019076866869878652,4.439348035369423e-06,1.323978996416345e-05,9.5495396178125,0.026610445637255908,0.00022652593341650283,0.0,0.0,2.3791359116222836e-14,1.5898262204026075e-13,13.133096196250001,0.024973408028483392,7.9984028068478e-06,0.0,0.0,0.0,0.0,16.030219376875,0.02496470726467669,1.3451914277945457e-06,0.0,0.0,0.0,0.0
63,7.7062161125,0.018722083288710563,0.001183200965846845,0.0014021567293254365,0.0012704022458935732,4.744494067425128e-06,5.633969615008435e-06,7.712323415625,0.017748679779004305,0.0017953993401805806,0.00018575076137985176,0.0005190710598804178,4.7596205883734465e-06,1.539589904405147e-05,7.7174710821875,0.01754566311230883,0.002187772007331436,0.00019186172603713732,0.0005221853934695512,5.154468321472099e-06,1.766141910841258e-05,9.0541506565625,0.026589936196804047,0.00023782817450094298,1.0509738482436128e-47,2.8180997060936993e-46,3.328644227654622e-13,2.228855495911372e-12,12.632835346875,0.024981469977647067,6.797297712077076e-06,0.0,0.0,0.0,0.0,15.52962361,0.02496093568764627,9.602086448457295e-07,0.0,0.0,0.0,0.0
64,7.259376331874999,0.013285415864549578,0.0013457817095077315,0.0006028326147343556,0.0009736021769484476,3.2083935410081483e-06,6.2421053649899845e-06,7.266106143125,0.012042006880277768,0.0018898257547333146,6.678395894403682e-05,0.00027762384819315076,2.8331501807101807e-06,1.7650516694123514e-05,7.2712724721874995,0.011714798124274239,0.0022972724147667526,6.439528486559442e-05,0.0002619077689959466,3.320865062508478e-06,2.040268948968886e-05,8.577389813749999,0.026573614509776234,0.0002393248270203708,7.321784476097169e-46,1.8503534370213815e-44,4.588825124464607e-12,3.0767336366201964e-11,12.148624984375001,0.024976076268590986,6.190088086236136e-06,0.0,0.0,0.0,0.0,15.043636910625,0.02496715143881738,4.731092929825383e-06,0.0,0.0,0.0,0.0
65,6.832243220625,0.009151569567620754,0.0013370550324082056,0.0004356016349215823,0.0009707075369083391,2.9459519572412815e-06,6.733596769050704e-06,6.839504506250001,0.00756270556349773,0.0015649909314717683,3.313861670675655e-05,0.00020326378257061312,2.4467548230876617e-06,1.9843698467688966e-05,6.844704115000001,0.007274559078505263,0.0017728991229139924,4.698695163098036e-05,0.0002650651678381405,3.2498417939513362e-06,2.2556466235181263e-05,8.1188256859375,0.0265653129639104,0.0002560047344930203,2.037455036749191e-31,5.238967505482164e-30,6.181200741590977e-11,4.1502097127366377e-10,11.680061496875,0.024928298429585993,9.56954014620979e-06,0.0,0.0,0.0,0.0,14.57185722,0.024979589874856174,5.487449472805955e-06,0.0,0.0,0.0,0.0
66,6.4238038925000005,0.006462656848598271,0.0010695734133007798,0.00043040925414409843,0.001073516597177492,3.090096396007217e-06,6.822189822293077e-06,6.4314701040625,0.004766335765307304,0.0012588722456999516,2.7840532300939096e-05,0.00022894297494199998,2.586078569564792e-06,2.114891600521712e-05,6.4366623653124995,0.004563409462454729,0.0013253048193065861,4.3001346510813665e-05,0.00029554034479172583,3.439391085971478e-06,2.4597391112978252e-05,7.678023354687499,0.02656024269014597,0.0002906780275944021,4.1759262790077004e-29,6.876283523697634e-28,8.069620910292238e-10,5.430298702297529e-09,11.226765,0.02476747989933938,2.455565933907878e-05,0.0,0.0,0.0,0.0,14.113897505625,0.02498120356723666,3.934727853724805e-06,0.0,0.0,0.0,0.0
67,6.033417850625001,0.004504427795996889,0.0007726517200652718,0.000512670692604098,0.0012644996815198495,3.3089215972645776e-06,6.763913399417257e-06,6.0413436215625005,0.003101159926969558,0.0009612230423902369,3.641114681330477e-05,0.00029898546206267576,2.713142876425992e-06,2.146018067257076e-05,6.0464934503125,0.0029534538078587504,0.0009433727555016701,4.472097634886158e-05,0.00033540431425724265,3.5284550638667132e-06,2.5842635065309447e-05,7.254542734375,0.026549289532005787,0.00036820482841946054,1.4456744018099698e-16,6.249751262114027e-15,9.930400790472538e-09,6.647005564368155e-08,10.788405484375,0.024312351560220123,6.1260239114358e-05,0.0,0.0,0.0,0.0,13.6693901225,0.024941525620408356,3.509573370198443e-06,0.0,0.0,0.0,0.0
68,5.660571935,0.003084491410816554,0.0005731641906529103,0.0005208341543010799,0.001253535676084691,3.203705267234597e-06,6.348957994122304e-06,5.668670784375,0.002046255178458523,0.0007041774949873949,3.5512304224850344e-05,0.0003012723816997029,2.5985483209284643e-06,2.039533476289124e-05,5.673747830000001,0.0019342513205483555,0.0006749340981797371,4.692297599485547e-05,0.0003595091991035263,3.350650299277272e-06,2.5591572151022214e-05,6.8479345559375,0.02648587066028267,0.00068403360264067,5.8061893653947736e-11,8.27994400982789e-10,1.0681359430114682e-07,7.094861563782956e-07,10.3647688834375,0.02302684919629246,0.00020537991742205908,0.0,0.0,0.0,0.0,13.2380001875,0.0247633336186409,3.5172876148546532e-06,0.0,0.0,0.0,0.0
69,5.304752993125001,0.00204923159549071,0.00042899086191511136,0.00040975771027480833,0.0011119803905362267,2.9090008937913136e-06,5.795360150646022e-06,5.313002563125,0.0013394272595469373,0.0005087801176973466,2.9268375373873676e-05,0.0002589747374689902,2.4718189267347164e-06,1.9355298828533445e-05,5.31796584375,0.0012849192827416118,0.0005048738304393648,4.038433585538167e-05,0.0003250124908387498,3.000714279573409e-06,2.4526967337996596e-05,6.458046525625,0.025061696287710218,0.0011731928301755023,2.8927832941654444e-06,3.175344299794738e-05,8.486338483136655e-07,5.085904526980952e-06,9.95585153875,0.020179409821517766,0.0003832663902736925,0.0,0.0,0.0,0.0,12.819468562499999,0.024165698633529246,4.049759635626696e-06,0.0,0.0,0.0,0.0
70,4.96544173484375,0.001315768264250437,0.0003337531316122432,0.0002958628705819326,0.0009136120036502719,2.6890367038565623e-06,5.2399211763982945e-06,4.97383260125,0.0008645197361402097,0.00035915941482074926,2.4352687009063106e-05,0.0002140424185619912,2.373598332248906e-06,1.857734210286864e-05,4.97865244765625,0.0008727394697707495,0.00037008621146030114,3.2577553806986527e-05,0.00027737949335894166,2.732287436312028e-06,2.338985604307136e-05,6.085301100625,0.019842402833048254,0.0014654543723481772,7.141140912023359e-05,0.0001899624750162219,1.4657697916518986e-06,7.113442207493449e-06,9.5616738965625,0.015887803954072296,0.0008101900983356139,0.0,0.0,0.0,0.0,12.413721875,0.02237427779007703,8.321790561403901e-06,0.0,0.0,0.0,0.0
71,4.6421085956249994,0.0008440340148672476,0.0002463562344829776,0.00020561214898548197,0.0006313149001320512,2.6405960876960676e-06,4.935042182722666e-06,4.65062190875,0.000544647396783148,0.00024255551316910856,2.1016338133341534e-05,0.00018376164616063574,2.297268194009323e-06,1.76856961479618e-05,4.6552881965625,0.0005925686895207036,0.0002564319769736854,2.6228331389878663e-05,0.00023202252360609584,2.536684313357845e-06,2.2231829311760744e-05,5.7295583603125,0.012900861041620373,0.002053601584131804,8.064825736161228e-06,6.897876856161664e-05,6.429917488914867e-07,7.843800445128666e-06,9.181911000625,0.011991437698714436,0.00108399984550052,0.0,0.0,0.0,0.0,12.020860625,0.019009227222763003,1.1415233295077265e-05,0.0,0.0,0.0,0.0
72,4.334234725781251,0.0005469166197735831,0.00016747264522003677,0.00014572770630781373,0.00045901165743992796,2.741260934859824e-06,4.890433994378046e-06,4.34283291828125,0.0003437960188193756,0.00016727825041531019,1.7965331569848243e-05,0.00016515648254181677,2.253772856365115e-06,1.677847361680747e-05,4.347357488125,0.00039259071827109436,0.0001731625793817726,2.12157137117432e-05,0.00019427112492588687,2.397999885984873e-06,2.1186882239056777e-05,5.389738056250001,0.0076654302455717695,0.0015942327673177793,6.560878880527869e-06,8.563825676095196e-05,7.795916928696053e-07,9.79405548870059e-06,8.815859865312499,0.008668639661744236,0.0018540058697813764,0.0,0.0,0.0,0.0,11.640802134374999,0.015244603949598968,1.1179411499796505e-05,0.0,0.0,0.0,0.0
73,4.041312438125,0.00035315053905014793,0.00010790267007939753,0.00011868670724160185,0.0003944298460228265,2.9023823049740825e-06,4.918798647953029e-06,4.049958179375,0.0002223776583941799,0.00011507233750797163,1.522322702901434e-05,0.00014056723110046531,2.238242538778448e-06,1.594168488290298e-05,4.05435437296875,0.00025325893922854446,0.00011393607725908086,1.7064804536621495e-05,0.0001476030789414332,2.3053413606936483e-06,2.039464235453003e-05,5.0648453346875,0.004872239583404735,0.0010364160624739605,8.488623346522246e-06,0.00011292210622230443,9.773632858384183e-07,1.2111120204190295e-05,8.4627123325,0.007124510882655159,0.0016603769006343283,0.0,0.0,0.0,0.0,11.273102433124999,0.01194456429220736,9.228967216916709e-06,0.0,0.0,0.0,0.0
74,3.76285888734375,0.0002253409592740354,6.746665234384948e-05,0.00010496525852021211,0.0003508394712668271,3.0535352151233043e-06,4.95081615903749e-06,3.77151956421875,0.00014512804580499506,7.58993437059601e-05,1.2971116361627876e-05,0.00011001458038764188,2.235622999299553e-06,1.5301875980935465e-05,3.77579776078125,0.00016173732793595263,7.318794491286882e-05,1.4258085408616236e-05,0.00012234937206254953,2.2495110969116538e-06,1.9795131884691342e-05,4.7543080075,0.003119300061080139,0.0008307540845829426,1.0708328443715428e-05,0.00014130598557273753,1.158602437035521e-06,1.3406919148667863e-05,8.12188316125,0.006078935669967905,0.0012212046594895494,0.0,0.0,0.0,0.0,10.917164,0.009319457610603422,7.443363836412545e-06,0.0,0.0,0.0,0.0
75,3.49841418828125,0.00014166218826994738,3.97309852684224e-05,9.422511191429024e-05,0.0003157359097110953,3.175502582656975e-06,4.979104080540197e-06,3.5070589325,9.441743891648003e-05,4.7313511481454087e-05,1.1481910314105592e-05,9.321121158505392e-05,2.236221681899059e-06,1.4833792285149896e-05,3.51122650546875,0.00010339585289602837,4.538590243088158e-05,1.2707320525025486e-05,0.0001127959894911792,2.2111157255661133e-06,1.9256247518305233e-05,4.4578159596875,0.0018506662075815257,0.0007069682461967822,1.0647426549454108e-05,0.00015372444361974906,1.3064950751688468e-06,1.3403931248915314e-05,7.7930207434375,0.004636023745755665,0.0008028044994016167,0.0,0.0,0.0,0.0,10.5724240625,0.007191569624235853,6.272737092472055e-06,0.0,0.0,0.0,0.0
76,3.24753297578125,8.891628074161417e-05,2.140326298417152e-05,8.850959340635624e-05,0.0002994120351244415,3.2768712394570796e-06,5.015013563122802e-06,3.25613448109375,6.173007952702392e-05,2.792225104998543e-05,1.0794548469782651e-05,8.987076638098376e-05,2.2311621510647755e-06,1.4460007683545056e-05,3.2601952159375,6.659269098736332e-05,2.68464469268329e-05,1.192139758743067e-05,0.00010671473377723436,2.1739105535987974e-06,1.874338036152119e-05,4.1750203984375,0.0010394079007774054,0.0005764468462770846,1.0276341821050062e-05,0.00014227479786761054,1.4593335679890891e-06,1.3227099942745717e-05,7.475809680625,0.003435120473848656,0.0003954063232867078,0.0,0.0,0.0,0.0,10.23840434375,0.005408563392236829,5.349511595361006e-06,0.0,0.0,0.0,0.0
77,3.0097805271875004,5.555532425296406e-05,9.842673650809894e-06,8.761669018610003e-05,0.00029925125805538603,3.359514255627971e-06,5.043920890218559e-06,3.01831504640625,4.092834046787175e-05,1.576268926615988e-05,1.0349513894258824e-05,8.762505115958868e-05,2.214763096870788e-06,1.4168693313608297e-05,3.0222714357812497,4.3364715743337e-05,1.5138747201738077e-05,1.1349649414085491e-05,0.00010186794523913831,2.129005304174391e-06,1.8234606744425378e-05,3.9054500604687497,0.0006024953515102424,0.0004122355172754269,1.0701138890261066e-05,0.00012246287600073925,1.5876843136909887e-06,1.2840077421382386e-05,7.1698930990625,0.002251598015544005,0.00013209784942074126,0.0,0.0,0.0,0.0,9.914680593749999,0.0039510249798186126,4.330381099666478e-06,0.0,0.0,0.0,0.0
78,2.7847321026562497,3.360102895021555e-05,3.4440434568456612e-06,9.051387966449915e-05,0.0003122353395607161,3.4284060706255557e-06,5.05240337507657e-06,2.7931769409375,2.7153213512065124e-05,8.441410913276668e-06,9.926540481290477e-06,8.084849466298113e-05,2.1901592343733958e-06,1.39662214176894e-05,2.797030901875,2.8465224289902836e-05,8.135183872521885e-06,1.0849141287018772e-05,9.78211363196991e-05,2.0773958263987337e-06,1.77101960580529e-05,3.6486254378125,0.00037688130598917267,0.0002826443772913126,1.0264934629048526e-05,0.00010211033247497784,1.7123177055957395e-06,1.2374233116044613e-05,6.874845461562501,0.0014619712158455513,4.479154377767401e-05,0.0,0.0,0.0,0.0,9.60085246875,0.0028251816796837376,3.3608071041686095e-06,0.0,0.0,0.0,0.0
79,2.57196899484375,1.9290574644401203e-05,7.922616975724531e-07,9.74668034918946e-05,0.0003393737306142553,3.4893674196752043e-06,5.02411035892613e-06,2.580303653671875,1.7205543801537714e-05,3.962519644321008e-06,9.344597677911044e-06,6.72970872541523e-05,2.1619637738649274e-06,1.3840010406808852e-05,2.584056073359375,1.8029829439910828e-05,3.797515149929124e-06,1.0583024838847887e-05,9.5001210756547e-05,2.0249713743194943e-06,1.719697274682044e-05,3.404125278125,0.00025273962570099685,0.0001918967080471321,1.0041505350177577e-05,9.423505726385507e-05,1.8678579399811699e-06,1.1958668323516339e-05,6.5902241493750005,0.0009790784715441986,1.994031181149665e-05,0.0,0.0,0.0,0.0,9.296543749687501,0.001990064257872291,2.5616689652962624e-06,0.0,0.0,0.0,0.0
80,2.37107852421875,1.0510992433410138e-05,2.3365831821258383e-07,0.00010751212087734974,0.000373988009019499,3.543759897119969e-06,4.953722247760368e-06,2.379284920390625,1.0205617156543667e-05,1.5375916229481191e-06,8.522765570808105e-06,5.5152251016895946e-05,2.1371097171653165e-06,1.3768574074023112e-05,2.38293595625,1.0660462416808513e-05,1.4923075196426574e-06,1.0488251997970529e-05,9.394499995126298e-05,1.9720578854018275e-06,1.6705908057875184e-05,3.1715710940625,0.00017372982939878057,0.0001257825430598068,1.0715235173652665e-05,9.196330732186948e-05,2.008575817584534e-06,1.1493186610678056e-05,6.3156344615624995,0.0006550707405840512,1.906685996205096e-05,0.0,0.0,0.0,0.0,9.00141078125,0.0013782653076923452,1.980524169417532e-06,0.0,0.0,0.0,0.0
81,2.181654120546875,5.512526563734355e-06,1.2524764068770603e-07,0.00011379771896122292,0.0003936800281854909,3.5893523825194507e-06,4.855019304764874e-06,2.189715206015625,5.6616734344743235e-06,5.031808413540317e-07,7.681593778636548e-06,5.109786882636683e-05,2.123260203543507e-06,1.3732138711139312e-05,2.193263076640625,5.8824895140787705e-06,5.102726477209198e-07,1.0357737722030143e-05,9.419042329385402e-05,1.9177132794910054e-06,1.6229997382313292e-05,2.95059876828125,0.00012038991332792647,7.891754490813018e-05,1.1162739938553059e-05,8.574860761800789e-05,2.0983231479415454e-06,1.105665288749369e-05,6.05073114625,0.00046828154170361813,1.4111266904032268e-05,0.0,0.0,0.0,0.0,8.715140875,0.0009331909494067076,1.528294859117847e-06,0.0,0.0,0.0,0.0
82,2.0032936483593753,2.792155644783634e-06,6.531229627180537e-08,0.00011372570180822095,0.00038170016724849046,3.6322195374793865e-06,4.757912330501201e-06,2.01119468296875,2.9554530972291105e-06,1.6219734946206444e-07,7.0438752042568524e-06,5.0803239782970865e-05,2.123363188310809e-06,1.3707039946507925e-05,2.01463631109375,3.0679543622511575e-06,1.819690494450142e-07,1.0155951319141694e-05,9.479263607672509e-05,1.8622230352651767e-06,1.575558682052089e-05,2.74084999875,8.411532567743052e-05,4.718335296146563e-05,1.0975311847547404e-05,7.523434379914565e-05,2.13346576600401e-06,1.0684862132598147e-05,5.7951978153125,0.0004096339886455098,1.459594362743653e-05,0.0,0.0,0.0,0.0,8.437446375,0.0006155676368507556,1.1843499580468365e-06,0.0,0.0,0.0,0.0
83,1.835600327421875,1.3632161943064603e-06,3.201734014042143e-08,0.0001129121609772028,0.00035747587337661203,3.682914797138892e-06,4.685608348390299e-06,1.8433274924999998,1.4689375603040843e-06,5.885161634110536e-08,6.602470988824661e-06,5.1173581144058114e-05,2.1356301076554044e-06,1.3682774468200747e-05,1.84665892203125,1.5245263130765352e-06,7.526803672253517e-08,9.997354211687253e-06,9.512587773928351e-05,1.8064376782668337e-06,1.526432510477438e-05,2.5419727653125,5.862080448696361e-05,2.6580842939876553e-05,1.0714007962582675e-05,6.430140363321978e-05,2.130838356783123e-06,1.0379422106626187e-05,5.54874326125,0.0003958007148175966,1.3584455733163122e-05,0.0,0.0,0.0,0.0,8.168059187499999,0.00039508920090156605,9.063257416502533e-07,0.0,0.0,0.0,0.0
84,1.6781824575781248,6.397804728806022e-07,1.49105839443172e-08,0.00011376199993446789,0.0003275791322546251,3.74361469454243e-06,4.644855131896263e-06,1.6857210962500002,6.953071541460077e-07,3.0349852564865636e-08,6.3918832430842705e-06,5.207982633380436e-05,2.157923554810848e-06,1.3657536196898619e-05,1.68894024484375,7.225675331383741e-07,3.816407692114853e-08,9.912073811571327e-06,9.547287134753454e-05,1.7488996280526287e-06,1.4724654049008241e-05,2.35362014765625,3.994791963623356e-05,1.4124279329101535e-05,1.0439819597513905e-05,5.730764257347234e-05,2.105183362922599e-06,1.012320366023506e-05,5.31109810625,0.00039046549644262995,1.1727554998347931e-05,0.0,0.0,0.0,0.0,7.90672690625,0.0002461962193920044,6.88492305228452e-07,0.0,0.0,0.0,0.0
85,1.53065332640625,2.8768124178668587e-07,6.688312645066786e-09,0.00011652059347534305,0.0003016441542384513,3.8129137999121098e-06,4.6353417267040575e-06,1.5379892816406249,3.149764321577209e-07,1.4508859389691808e-08,6.407728573618256e-06,5.3586269638345544e-05,2.186726482420473e-06,1.3619638036474053e-05,1.54109420640625,3.28238971516015e-07,1.7017319448723934e-08,9.825204063411939e-06,9.570129632619946e-05,1.6886024657981297e-06,1.4109529504375477e-05,2.175450295,2.5639609172003476e-05,6.670210624132554e-06,1.0400563722631594e-05,5.4270828482566886e-05,2.0660298386936656e-06,9.88933996582498e-06,5.08200484640625,0.00038312018979922867,1.2351484233109106e-05,0.0,0.0,0.0,0.0,7.653210906249999,0.0001483289332318236,5.045702518701883e-07,0.0,0.0,0.0,0.0
86,1.392630221015625,1.234772180467303e-07,2.919395680827035e-09,0.0001222229994407371,0.0002839876228995357,3.888841088809159e-06,4.6518374875814485e-06,1.399751158828125,1.3621699125820897e-07,6.524027625132282e-09,6.635909337700762e-06,5.613035480304743e-05,2.218242169103265e-06,1.3550275406503047e-05,1.4027405483593751,1.4219491831823915e-07,7.633824589910705e-09,9.740490969397082e-06,9.718854912115784e-05,1.6260011903441718e-06,1.3408721497730612e-05,2.007125741328125,1.532031874933182e-05,2.752835189288605e-06,1.0072947243793389e-05,5.20774206343973e-05,2.0157106973011674e-06,9.635632345327845e-06,4.861215125156249,0.0003669041527900845,1.4216511000941047e-05,0.0,0.0,0.0,0.0,7.40728375,8.596153960388619e-05,3.4830821894887285e-07,0.0,0.0,0.0,0.0
87,1.263735805,5.039425003694475e-08,1.2307346152656715e-09,0.00013148706602078165,0.00027242478243880613,3.9677013148740055e-06,4.6883828541404395e-06,1.2706317131640625,5.60545510062127e-08,2.7854894292364774e-09,6.9700952768832536e-06,5.927483321090347e-05,2.249681835691569e-06,1.3429074101433126e-05,1.2735038230859375,5.869906826116989e-08,3.146017652966056e-09,9.814237469611879e-06,0.00010166322837462816,1.5614322901886216e-06,1.261498166236676e-05,1.84831314234375,8.58304668929577e-06,9.76052106640185e-07,9.267748760652558e-06,5.018631711279489e-05,1.9629967744217877e-06,9.371349899562162e-06,4.64849397921875,0.0003340251315239584,1.586110668016929e-05,0.0,0.0,0.0,0.0,7.1687274375,4.765069368113472e-05,2.139952364081623e-07,0.0,0.0,0.0,0.0
88,1.1435978341796875,1.9464714252848127e-08,5.083267799616697e-10,0.00014495646435148046,0.0002700251588388228,4.044560908326389e-06,4.737023927334549e-06,1.1502602875390626,2.1855186520092218e-08,1.0796225596831796e-09,7.483984532585446e-06,6.302325850057457e-05,2.279882393425919e-06,1.3248306998851803e-05,1.1530135413671876,2.292311315632567e-08,1.2652422899890412e-09,1.0045022123660352e-05,0.00010775975526230219,1.4932317757020337e-06,1.1718601688517868e-05,1.6986824935937501,4.546993970166113e-06,3.104769125591679e-07,8.251026476824637e-06,4.908785070173845e-05,1.9182441249645834e-06,9.107675389857252e-06,4.44363176484375,0.00028667074216355104,1.4739782128907256e-05,0.0,0.0,0.0,0.0,6.937332156249999,2.5090519026889523e-05,1.092451192226997e-07,0.0,0.0,0.0,0.0
89,1.03184908234375,7.081576906209364e-09,2.0042340278053557e-10,0.00016169096646785874,0.00027807120001579105,4.113163955501875e-06,4.784582982645439e-06,1.0382711533984375,8.024362846414945e-09,4.501668444581822e-10,8.3473285046241e-06,6.819489389518008e-05,2.3055399142376867e-06,1.2999078483548664e-05,1.0409040942578125,8.440999561876161e-09,4.784203848338441e-10,1.0329835980370509e-05,0.00011434989356571358,1.418829219769737e-06,1.0705556957891567e-05,1.55790736203125,2.288531894890866e-06,1.1194908206979925e-07,7.354112688486919e-06,4.8272859798810546e-05,1.8870831220874965e-06,8.836347856704758e-06,4.246430453125,0.0002309303691290552,1.048779584278678e-05,0.0,0.0,0.0,0.0,6.7128951875,1.2438816930171016e-05,4.5590755624880305e-08,0.0,0.0,0.0,0.0
90,0.92812743078125,2.410570358213349e-09,7.67258935418122e-11,0.000180117330055964,0.0002942600072978875,4.168708770389884e-06,4.822815604728315e-06,0.9343027974609375,2.7614115036267427e-09,1.6523130376498184e-10,9.50695555731102e-06,7.47587322058965e-05,2.321409184042387e-06,1.2670730219119193e-05,0.9368161632812501,2.9184037635965333e-09,1.7598503647538717e-10,1.036941844324782e-05,0.00011743335927613472,1.3376224812383564e-06,9.585449989696178e-06,1.4256667047656248,1.0986913859056812e-06,5.0773973965761195e-08,6.66120160694172e-06,4.772044029609122e-05,1.8697955031155636e-06,8.567833503818383e-06,4.05665526234375,0.00017244952532928436,7.550674277317241e-06,0.0,0.0,0.0,0.0,6.49521996875,5.742081950984357e-06,1.56880563086554e-08,0.0,0.0,0.0,0.0
91,0.83207758703125,7.648442943153366e-10,2.699079434863123e-11,0.00020156726576530559,0.0003176892962921181,4.2084768545507244e-06,4.843655382922765e-06,0.8379987349609375,8.852281617455215e-10,5.33960273243431e-11,1.0875160815074378e-05,8.242641580526271e-05,2.3205619203881154e-06,1.2231543055123971e-05,0.8403951160546875,9.410194574399622e-10,5.77736991726447e-11,1.0178961828442153e-05,0.00011746739207670315,1.2536442991372854e-06,8.404396759657515e-06,1.3016438384765625,5.046032590030336e-07,2.202562921132022e-08,6.275289060188369e-06,4.738748357797381e-05,1.8639130219271559e-06,8.303811633930727e-06,3.874031088125,0.00011682893793840777,4.1123734002780715e-06,0.0,0.0,0.0,0.0,6.28411571875,2.4321292384001934e-06,8.895549443880837e-09,0.0,0.0,0.0,0.0
92,0.743347960625,2.2382475037968642e-10,9.768605854437567e-12,0.0002292681455148795,0.00035231785052820905,4.227231296614065e-06,4.839936358854062e-06,0.74900961578125,2.627336947655379e-10,1.751452033288099e-11,1.2555544888018645e-05,9.125717577508535e-05,2.3012880934027174e-06,1.1678594738749249e-05,0.7512916607421876,2.809945216925014e-10,1.8906014861351258e-11,9.725658022311775e-06,0.00011315156883979118,1.1721642518176513e-06,7.231984607497722e-06,1.185525232265625,2.212573490254499e-07,9.552263319283125e-09,6.3860158377514776e-06,4.85348051143859e-05,1.8646200827078183e-06,8.039561054478847e-06,3.6982950940625003,7.041349178689416e-05,2.300400278439685e-06,0.0,0.0,0.0,0.0,6.079396875,9.28601466711143e-07,3.1380534396634925e-09,0.0,0.0,0.0,0.0
93,0.6616044206640624,6.099183757872496e-11,3.360233722551605e-12,0.0002677630327772249,0.0004014325154400141,4.214940691879221e-06,4.79902737178264e-06,0.666993257421875,7.160765880080688e-11,5.479848123465948e-12,1.4744831522617312e-05,0.0001015621251549444,2.2557983989260602e-06,1.0957346480350541e-05,0.6691612239843749,7.69360628625343e-11,5.8750944301944045e-12,9.081336604751415e-06,0.00010632831755185935,1.0964408720094862e-06,6.108391944172242e-06,1.0770006436328126,9.238957170332184e-08,3.3940019103089752e-09,7.299800584006265e-06,5.1532674520991607e-05,1.8626107410655083e-06,7.743924077981126e-06,3.529215600625,3.754412442685862e-05,2.794476277921618e-06,0.0,0.0,0.0,0.0,5.880883000000001,3.1333639833519554e-07,1.6355200843029728e-09,0.0,0.0,0.0,0.0
94,0.5865163178515624,1.514269301877008e-11,9.907207115283738e-13,0.00032327364152934024,0.0004693752894597713,4.149566555636142e-06,4.6958173431243935e-06,0.5916134825390625,1.7795179290194806e-11,1.5555701485875143e-12,1.7624610977942524e-05,0.00011299049301198874,2.1720509802662762e-06,1.0014487663125211e-05,0.5936644286523438,1.9189393914154084e-11,1.6129872261266462e-12,8.755567554354532e-06,0.00010010149151369067,1.0285801014878706e-06,5.065219838797607e-06,0.9757639839453125,3.662539126203512e-08,1.1215516011501696e-09,9.408074811082305e-06,5.797742778974711e-05,1.8440959786117463e-06,7.375585908332165e-06,3.366576125,1.7855574363693448e-05,1.8713895112473876e-06,0.0,0.0,0.0,0.0,5.6883983125,9.153158598707024e-08,6.188488579005146e-10,0.0,0.0,0.0,0.0
95,0.5177336373828125,3.328317968562429e-12,2.610515725563573e-13,0.00040525568010093594,0.0005613020848368921,3.997162646170338e-06,4.48911063827123e-06,0.5225322311523437,3.9482774770970006e-12,4.0216433253909757e-13,2.1453218054966237e-05,0.0001242245051950169,2.035055832873803e-06,8.815693099896437e-06,0.5244596834374999,4.255080577600032e-12,3.98535928151719e-13,9.059897749319036e-06,9.117428190737513e-05,9.619947914812402e-07,4.148877363123429e-06,0.8815075638671875,1.3612523964035006e-08,4.012294474714668e-10,1.331532381629332e-05,7.058365065972159e-05,1.7894069524239277e-06,6.8689896888792216e-06,3.2101682746875,7.543037201003244e-06,8.668858612529671e-07,0.0,0.0,0.0,0.0,5.5017743125,2.2550163708778826e-08,9.36637733226049e-11,0.0,0.0,0.0,0.0
96,0.45491438769531245,6.503075430583371e-13,6.090240284203327e-14,0.0005160435409211459,0.0006717948387744385,3.7074279366411387e-06,4.114965355642079e-06,0.4594185511132813,7.821892146031399e-13,9.480890330335973e-14,2.6776531461444103e-05,0.00013442534665416512,1.8259202064412688e-06,7.352686551011174e-06,0.4612165942578125,8.432048359508729e-13,8.77755128163419e-14,1.0069989709597591e-05,6.549311267071594e-05,8.870004877117078e-07,3.4808476578768152e-06,0.7939348905468749,4.768397523835511e-09,2.0120635898522575e-10,1.978785273258923e-05,8.922948368774656e-05,1.668864533911105e-06,6.123790141170828e-06,3.05990171875,2.711684217615584e-06,2.5242486953958917e-07,0.0,0.0,0.0,0.0,5.32090146875,4.502123230887278e-09,1.516968846209165e-11,0.0,0.0,0.0,0.0
97,0.39773781660156254,1.1144309364151634e-13,1.2797504396693448e-14,0.0006533550918177297,0.0007855053966414216,3.218464056928383e-06,3.5166207984138224e-06,0.4019558401953125,1.3647482818325563e-13,2.0398206062937533e-14,3.3249917979644644e-05,0.00014243090979128306,1.5160711061151014e-06,5.644535759046742e-06,0.40362330466796875,1.4763589688539746e-13,1.8282931357014207e-14,1.3205963696248258e-05,5.381128783383143e-05,7.925185163207016e-07,3.056621906217447e-06,0.7127644108203125,1.5689580696309768e-09,8.973792360468102e-11,2.8831591423909933e-05,0.0001088459295505155,1.4376989053396242e-06,5.044409745494601e-06,2.9157916412500002,8.690826931285756e-07,5.60068685511233e-08,0.0,0.0,0.0,0.0,5.145763626875,6.794194698234168e-10,1.667430735996926e-12,0.0,0.0,0.0,0.0
98,0.34589308755859377,1.66208333031163e-14,2.359370103269687e-15,0.0007928245198747845,0.0009019442072655775,2.464046001850129e-06,2.6344098636251887e-06,0.3498352475976563,2.0882719347964287e-14,3.840771533070922e-15,3.789293305890333e-05,0.00014249206404310305,1.0789788639898101e-06,3.7112496535514614e-06,0.3513773983984375,2.288889149287647e-14,3.647655188958227e-15,2.0012850337920578e-05,7.713028386115985e-05,6.397319773037617e-07,2.4711507489203676e-06,0.6377578762695313,5.0160819242695e-10,4.538743010225254e-11,3.664180082361948e-05,0.00012370916813200927,1.052151345601695e-06,3.5988388449984816e-06,2.7778426043750004,3.0081956097660623e-07,1.4962719678691653e-08,0.0,0.0,0.0,0.0,4.976321984375,6.799808602644952e-11,2.1559869932094504e-13,0.0,0.0,0.0,0.0
99,0.2991428585839844,2.542315372663423e-15,6.533313744448866e-16,0.0009391677107064425,0.0009764936773912664,1.4138269718904085e-06,1.469970824280139e-06,0.3028488977734375,3.5327789577307812e-15,1.122061258980001e-15,3.5101503127750896e-05,0.00010896350561544026,5.37090935258783e-07,1.6742659720275091e-06,0.3042949600976563,4.139432425611702e-15,1.1512471431812353e-15,2.3714546256928716e-05,9.13965783388341e-05,3.6291875449209126e-07,1.4036108443200308e-06,0.5688691039453125,1.8937447545308225e-10,2.9713724544033313e-11,3.415510218052625e-05,0.00011978387793682436,5.221806159663854e-07,1.8352707822573406e-06,2.64605206796875,1.5808437460407275e-07,3.0612330846475886e-09,0.0,0.0,0.0,0.0,4.81242008875,3.2363134158230195e-12,1.1877583401548016e-13,0.0,0.0,0.0,0.0
