pressure_bar,temperature_K,H2O_D1mm_timescale_s,H2O_D2mm_timescale_s,H2O_D5mm_timescale_s,H2O_D10mm_timescale_s,NH3_D1mm_timescale_s,NH3_D2mm_timescale_s,NH3_D5mm_timescale_s,NH3_D10mm_timescale_s,realistic_pressure_bar,H2O_realistic_timescale_s,NH3_realistic_timescale_s
1.00000000e-01,8.33697297e+01,7.41935482e+24,2.96774193e+25,1.85483871e+26,7.41935482e+26,8.69559956e+12,3.47823982e+13,2.17389989e+14,8.69559956e+14,9.86418087e+01,nan,nan
1.02337180e-01,8.39218583e+01,4.56656819e+24,1.82662727e+25,1.14164205e+26,4.56656819e+26,6.42753128e+12,2.57101251e+13,1.60688282e+14,6.42753128e+14,9.58357085e+01,nan,nan
1.04728984e-01,8.44776434e+01,2.81987030e+24,1.12794812e+25,7.04967575e+25,2.81987030e+26,4.76100059e+12,1.90440024e+13,1.19025015e+14,4.76100059e+14,9.30891559e+01,nan,nan
1.07176689e-01,8.50371093e+01,1.74692552e+24,6.98770208e+24,4.36731380e+25,1.74692552e+26,3.53391141e+12,1.41356457e+13,8.83477854e+13,3.53391141e+14,9.03992619e+01,nan,nan
1.09681601e-01,8.56002804e+01,1.08571656e+24,4.34286625e+24,2.71429141e+25,1.08571656e+26,2.62851540e+12,1.05140616e+13,6.57128850e+13,2.62851540e+14,8.77652487e+01,nan,nan
1.12245057e-01,8.61671812e+01,6.76933748e+23,2.70773499e+24,1.69233437e+25,6.76933748e+25,1.95910148e+12,7.83640590e+12,4.89775369e+13,1.95910148e+14,8.51864280e+01,nan,nan
1.14868426e-01,8.67378363e+01,4.23403426e+23,1.69361370e+24,1.05850857e+25,4.23403426e+25,1.46315054e+12,5.85260215e+12,3.65787634e+13,1.46315054e+14,8.26621477e+01,nan,nan
1.17553107e-01,8.73122707e+01,2.65663567e+23,1.06265427e+24,6.64158918e+24,2.65663567e+25,1.09496676e+12,4.37986706e+12,2.73741691e+13,1.09496676e+14,8.01917218e+01,nan,nan
1.20300535e-01,8.78905094e+01,1.67213005e+23,6.68852021e+23,4.18032513e+24,1.67213005e+25,8.21082737e+11,3.28433095e+12,2.05270684e+13,8.21082737e+13,7.77744662e+01,nan,nan
1.23112175e-01,8.84725775e+01,1.05574632e+23,4.22298527e+23,2.63936579e+24,1.05574632e+25,6.16937563e+11,2.46775025e+12,1.54234391e+13,6.16937563e+13,7.54096925e+01,nan,nan
1.25989528e-01,8.90585005e+01,6.68638957e+22,2.67455583e+23,1.67159739e+24,6.68638957e+24,4.64470462e+11,1.85788185e+12,1.16117615e+13,4.64470462e+13,7.30967154e+01,nan,nan
1.28934130e-01,8.96483038e+01,4.24773606e+22,1.69909443e+23,1.06193402e+24,4.24773606e+24,3.50374028e+11,1.40149611e+12,8.75935071e+12,3.50374028e+13,7.08348511e+01,nan,nan
1.31947552e-01,9.02420132e+01,2.70675122e+22,1.08270049e+23,6.76687806e+23,2.70675122e+24,2.64823789e+11,1.05929516e+12,6.62059472e+12,2.64823789e+13,6.86234182e+01,nan,nan
1.35031404e-01,9.08396545e+01,1.73003709e+22,6.92014836e+22,4.32509272e+23,1.73003709e+24,2.00552354e+11,8.02209418e+11,5.01380886e+12,2.00552354e+13,6.64617376e+01,nan,nan
1.38187331e-01,9.14412538e+01,1.10909840e+22,4.43639361e+22,2.77274601e+23,1.10909840e+24,1.52173368e+11,6.08693471e+11,3.80433420e+12,1.52173368e+13,6.43491333e+01,nan,nan
1.41417017e-01,9.20468373e+01,7.13154681e+21,2.85261873e+22,1.78288670e+23,7.13154681e+23,1.15686886e+11,4.62747543e+11,2.89217215e+12,1.15686886e+13,6.22849317e+01,nan,nan
1.44722187e-01,9.26564314e+01,4.59925872e+21,1.83970349e+22,1.14981468e+23,4.59925872e+23,8.81167981e+10,3.52467193e+11,2.20291995e+12,8.81167981e+12,6.02684625e+01,nan,nan
1.48104605e-01,9.32700626e+01,2.97491046e+21,1.18996418e+22,7.43727614e+22,2.97491046e+23,6.72445250e+10,2.68978100e+11,1.68111313e+12,6.72445250e+12,5.82990580e+01,nan,nan
1.51566076e-01,9.38877576e+01,1.92989409e+21,7.71957638e+21,4.82473524e+22,1.92989409e+23,5.14130512e+10,2.05652205e+11,1.28532628e+12,5.14130512e+12,5.63760537e+01,nan,nan
1.55108448e-01,9.45095434e+01,1.25561993e+21,5.02247970e+21,3.13904981e+22,1.25561993e+23,3.93824445e+10,1.57529778e+11,9.84561113e+11,3.93824445e+12,5.44987881e+01,nan,nan
1.58733611e-01,9.51354471e+01,8.19293935e+20,3.27717574e+21,2.04823484e+22,8.19293935e+22,3.02231312e+10,1.20892525e+11,7.55578280e+11,3.02231312e+12,5.26666026e+01,nan,nan
1.62443501e-01,9.57654960e+01,5.36129656e+20,2.14451862e+21,1.34032414e+22,5.36129656e+22,2.32369126e+10,9.29476506e+10,5.80922816e+11,2.32369126e+12,5.08788419e+01,nan,nan
1.66240098e-01,9.63997174e+01,3.51835987e+20,1.40734395e+21,8.79589967e+21,3.51835987e+22,1.78984037e+10,7.15936148e+10,4.47460092e+11,1.78984037e+12,4.91348537e+01,nan,nan
1.70125428e-01,9.70381390e+01,2.31548974e+20,9.26195897e+20,5.78872436e+21,2.31548974e+22,1.38115314e+10,5.52461256e+10,3.45288285e+11,1.38115314e+12,4.74339890e+01,nan,nan
1.74101565e-01,9.76807887e+01,1.52816248e+20,6.11264994e+20,3.82040621e+21,1.52816248e+22,1.06771618e+10,4.27086472e+10,2.66929045e+11,1.06771618e+12,4.57756017e+01,nan,nan
1.78170632e-01,9.83276945e+01,1.01137502e+20,4.04550007e+20,2.52843755e+21,1.01137502e+22,8.26896385e+09,3.30758554e+10,2.06724096e+11,8.26896385e+11,4.41590491e+01,6.12659787e-03,nan
1.82334800e-01,9.89788844e+01,6.71216967e+19,2.68486787e+20,1.67804242e+21,6.71216967e+21,6.41538171e+09,2.56615268e+10,1.60384543e+11,6.41538171e+11,4.25836916e+01,6.68445535e-03,nan
1.86596292e-01,9.96343870e+01,4.46697681e+19,1.78679073e+20,1.11674420e+21,4.46697681e+21,4.98614545e+09,1.99445818e+10,1.24653636e+11,4.98614545e+11,4.10488930e+01,7.31193519e-03,nan
1.90957383e-01,1.00294231e+02,2.98096339e+19,1.19238536e+20,7.45240848e+20,2.98096339e+21,3.88215923e+09,1.55286369e+10,9.70539808e+10,3.88215923e+11,3.95540203e+01,8.02077629e-03,nan
1.95420401e-01,1.00958444e+02,1.99472907e+19,7.97891628e+19,4.98682268e+20,1.99472907e+21,3.02790794e+09,1.21116318e+10,7.56976986e+10,3.02790794e+11,3.80984440e+01,8.82247773e-03,nan
1.99987727e-01,1.01627057e+02,1.33840555e+19,5.35362220e+19,3.34601387e+20,1.33840555e+21,2.36574486e+09,9.46297944e+09,5.91436215e+10,2.36574486e+11,3.66815375e+01,9.73188523e-03,nan
2.04661800e-01,1.02300097e+02,9.00451524e+18,3.60180610e+19,2.25112881e+20,9.00451524e+20,1.85158684e+09,7.40634734e+09,4.62896709e+10,1.85158684e+11,3.53026779e+01,1.07667281e-02,nan
2.09445114e-01,1.02977595e+02,6.07426946e+18,2.42970778e+19,1.51856736e+20,6.07426946e+20,1.45166453e+09,5.80665811e+09,3.62916132e+10,1.45166453e+11,3.39612455e+01,1.19481342e-02,1.17978563e-02
2.14340223e-01,1.03659580e+02,4.10848058e+18,1.64339223e+19,1.02712014e+20,4.10848058e+20,1.14006480e+09,4.56025922e+09,2.85016201e+10,1.14006480e+11,3.26566242e+01,1.33015205e-02,1.30970771e-02
2.19349740e-01,1.04346081e+02,2.78621292e+18,1.11448517e+19,6.96553231e+19,2.78621292e+20,8.96869035e+08,3.58747614e+09,2.24217259e+10,8.96869035e+10,3.13882010e+01,1.48572471e-02,1.46289183e-02
2.24476338e-01,1.05037129e+02,1.89446116e+18,7.57784466e+18,4.73615291e+19,1.89446116e+20,7.06740363e+08,2.82696145e+09,1.76685091e+10,7.06740363e+10,3.01553665e+01,1.66491060e-02,1.63758376e-02
2.29722754e-01,1.05732753e+02,1.29148083e+18,5.16592331e+18,3.22870207e+19,1.29148083e+20,5.57849852e+08,2.23139941e+09,1.39462463e+10,5.57849852e+10,2.89575145e+01,1.87220236e-02,1.83937928e-02
2.35091788e-01,1.06432984e+02,8.82701026e+17,3.53080410e+18,2.20675256e+19,8.82701026e+19,4.41058840e+08,1.76423536e+09,1.10264710e+10,4.41058840e+10,2.77940426e+01,2.11383306e-02,2.07345345e-02
2.40586305e-01,1.07137852e+02,6.04860633e+17,2.41944253e+18,1.51215158e+19,6.04860633e+19,3.49295325e+08,1.39718130e+09,8.73238313e+09,3.49295325e+10,2.66643515e+01,2.39629935e-02,2.34603223e-02
2.46209240e-01,1.07847389e+02,4.15533160e+17,1.66213264e+18,1.03883290e+19,4.15533160e+19,2.77077545e+08,1.10831018e+09,6.92693864e+09,2.77077545e+10,2.55678457e+01,2.72781096e-02,2.66474145e-02
2.51963593e-01,1.08561625e+02,2.86191966e+17,1.14476786e+18,7.15479914e+18,2.86191966e+19,2.20149407e+08,8.80597627e+08,5.50373517e+09,2.20149407e+10,2.45039329e+01,3.11873564e-02,3.03896648e-02
2.57852435e-01,1.09280590e+02,1.97607456e+17,7.90429823e+17,4.94018639e+18,1.97607456e+19,1.75201041e+08,7.00804162e+08,4.38002601e+09,1.75201041e+10,2.34720246e+01,3.58205832e-02,3.48031643e-02
2.63878910e-01,1.10004318e+02,1.36784269e+17,5.47137077e+17,3.41960673e+18,1.36784269e+19,1.39654261e+08,5.58617045e+08,3.49135653e+09,1.39654261e+10,2.24715359e+01,4.13414123e-02,4.00322527e-02
2.70046235e-01,1.10732838e+02,9.49180422e+16,3.79672169e+17,2.37295105e+18,9.49180422e+18,1.11497584e+08,4.45990336e+08,2.78743960e+09,1.11497584e+10,2.15018853e+01,4.79575941e-02,4.62573506e-02
2.76357701e-01,1.11466183e+02,6.60289017e+16,2.64115607e+17,1.65072254e+18,6.60289017e+18,8.91591486e+07,3.56636594e+08,2.22897871e+09,8.91591486e+09,2.05624951e+01,5.59351181e-02,5.37052778e-02
2.82816678e-01,1.12204384e+02,4.60452677e+16,1.84181071e+17,1.15113169e+18,4.60452677e+18,7.14086831e+07,2.85634732e+08,1.78521708e+09,7.14086831e+09,1.96527914e+01,6.56176070e-02,6.26628585e-02
2.89426612e-01,1.12947475e+02,3.21880411e+16,1.28752164e+17,8.04701027e+17,3.21880411e+18,5.72817513e+07,2.29127005e+08,1.43204378e+09,5.72817513e+09,1.87722039e+01,7.74534487e-02,7.34950496e-02
2.96191033e-01,1.13695486e+02,2.25556706e+16,9.02226824e+16,5.63891765e+17,2.25556706e+18,4.60211246e+07,1.84084498e+08,1.15052811e+09,4.60211246e+09,1.79201663e+01,9.20343228e-02,8.66692781e-02
3.03113550e-01,1.14448452e+02,1.58438847e+16,6.33755388e+16,3.96097117e+17,1.58438847e+18,3.70313375e+07,1.48125350e+08,9.25783438e+08,3.70313375e+09,1.70961159e+01,1.10150864e-01,1.02788338e-01
3.10197859e-01,1.15206404e+02,1.11559218e+16,4.46236873e+16,2.78898046e+17,1.11559218e+18,2.98434059e+07,1.19373624e+08,7.46085147e+08,2.98434059e+09,1.62994942e+01,1.32874881e-01,1.22635277e-01
3.17447741e-01,1.15969376e+02,7.87372572e+15,3.14949029e+16,1.96843143e+17,7.87372572e+17,2.40873931e+07,9.63495725e+07,6.02184828e+08,2.40873931e+09,1.55297465e+01,1.61683366e-01,1.47235107e-01
3.24867066e-01,1.16737400e+02,5.57030981e+15,2.22812392e+16,1.39257745e+17,5.57030981e+17,1.94710462e+07,7.78841846e+07,4.86776154e+08,1.94710462e+09,1.47863222e+01,1.98651634e-01,1.77941024e-01
3.32459793e-01,1.17510511e+02,3.94998938e+15,1.57999575e+16,9.87497345e+16,3.94998938e+17,1.57631320e+07,6.30525280e+07,3.94078300e+08,1.57631320e+09,1.40686745e+01,2.46762729e-01,2.16555031e-01
3.40229977e-01,1.18288742e+02,2.80752298e+15,1.12300919e+16,7.01880746e+16,2.80752298e+17,1.27804215e+07,5.11216862e+07,3.19510539e+08,1.27804215e+09,1.33762609e+01,3.10424691e-01,2.65500834e-01
3.48181763e-01,1.19072127e+02,2.00011459e+15,8.00045836e+15,5.00028648e+16,2.00011459e+17,1.03775064e+07,4.15100258e+07,2.59437661e+08,1.03775064e+09,1.27085430e+01,3.96371989e-01,3.28071631e-01
3.56319397e-01,1.19860701e+02,1.42818344e+15,5.71273377e+15,3.57045861e+16,1.42818344e+17,8.43882084e+06,3.37552834e+07,2.10970521e+08,8.43882084e+08,1.20649866e+01,5.15341836e-01,4.08800045e-01
3.64647222e-01,1.20654496e+02,1.02212522e+15,4.08850089e+15,2.55531305e+16,1.02212522e+17,6.87238099e+06,2.74895240e+07,1.71809525e+08,6.87238099e+08,1.14450618e+01,6.85385322e-01,5.14003452e-01
3.73169684e-01,1.21453549e+02,7.33176762e+14,2.93270705e+15,1.83294191e+16,7.33176762e+16,5.60486564e+06,2.24194625e+07,1.40121641e+08,5.60486564e+08,1.08482428e+01,9.39150073e-01,6.52673344e-01
3.81891330e-01,1.22257893e+02,5.27097889e+14,2.10839156e+15,1.31774472e+16,5.27097889e+16,4.57774439e+06,1.83109776e+07,1.14443610e+08,4.57774439e+08,1.02740069e+01,1.34159277e+00,8.37863812e-01
3.90816818e-01,1.23067564e+02,3.79791663e+14,1.51916665e+15,9.49479156e+15,3.79791663e+16,3.74422634e+06,1.49769054e+07,9.36056584e+07,3.74422634e+08,9.72183416e+00,2.04138183e+00,1.08930199e+00
3.99950910e-01,1.23882598e+02,2.74261438e+14,1.09704575e+15,6.85653595e+15,2.74261438e+16,3.06685161e+06,1.22674064e+07,7.66712903e+07,3.06685161e+08,9.19121919e+00,3.44932690e+00,1.43731442e+00
4.09298482e-01,1.24703029e+02,1.98491947e+14,7.93967790e+14,4.96229869e+15,1.98491947e+16,2.51558773e+06,1.00623509e+07,6.28896932e+07,2.51558773e+08,8.68170907e+00,7.08976982e+00,1.93167036e+00
4.18864524e-01,1.25528894e+02,1.43970513e+14,5.75882050e+14,3.59926282e+15,1.43970513e+16,2.06632273e+06,8.26529092e+06,5.16580683e+07,2.06632273e+08,8.19302073e+00,1.94105178e+01,2.67286894e+00
4.28654141e-01,1.26360228e+02,1.04652705e+14,4.18610819e+14,2.61631762e+15,1.04652705e+16,1.69967073e+06,6.79868291e+06,4.24917682e+07,1.69967073e+08,7.72502187e+00,2.98919378e+01,3.91791956e+00
4.38672559e-01,1.27197067e+02,7.62372785e+13,3.04949114e+14,1.90593196e+15,7.62372785e+15,1.40002371e+06,5.60009486e+06,3.50005929e+07,1.40002371e+08,7.27710756e+00,2.97629777e+01,6.38480634e+00
4.48925126e-01,1.28039449e+02,5.56567894e+13,2.22627158e+14,1.39141973e+15,5.56567894e+15,1.15479786e+06,4.61919146e+06,2.88699466e+07,1.15479786e+08,6.84831465e+00,3.60942323e+01,1.15334039e+01
4.59417313e-01,1.28887410e+02,4.07189536e+13,1.62875814e+14,1.01797384e+15,4.07189536e+15,9.53833534e+05,3.81533413e+06,2.38458383e+07,9.53833534e+07,6.43804737e+00,5.00460422e+01,2.57156952e+01
4.70154722e-01,1.29740986e+02,2.98535965e+13,1.19414386e+14,7.46339913e+14,2.98535965e+15,7.88917001e+05,3.15566800e+06,1.97229250e+07,7.88917001e+07,6.04604580e+00,6.81583172e+01,8.34674589e+01
4.81143084e-01,1.30600215e+02,2.19337170e+13,8.77348680e+13,5.48342925e+14,2.19337170e+15,6.53398693e+05,2.61359477e+06,1.63349673e+07,6.53398693e+07,5.67200353e+00,9.02084493e+01,3.51021040e+02
4.92388263e-01,1.31465135e+02,1.61486907e+13,6.45947628e+13,4.03717267e+14,1.61486907e+15,5.41888028e+05,2.16755211e+06,1.35472007e+07,5.41888028e+07,5.31533366e+00,1.26156912e+02,2.20008511e+03
5.03896263e-01,1.32335782e+02,1.19142283e+13,4.76569131e+13,2.97855707e+14,1.19142283e+15,4.50009160e+05,1.80003664e+06,1.12502290e+07,4.50009160e+07,4.97530435e+00,1.88124063e+02,2.75027776e+06
5.15673224e-01,1.33212196e+02,8.80829992e+12,3.52331997e+13,2.20207498e+14,8.80829992e+14,3.74205216e+05,1.49682086e+06,9.35513041e+06,3.74205216e+07,4.65125468e+00,2.99797366e+02,3.14825603e+07
5.27725435e-01,1.34094414e+02,6.52544210e+12,2.61017684e+13,1.63136053e+14,6.52544210e+14,3.11581175e+05,1.24632470e+06,7.78952937e+06,3.11581175e+07,4.34263866e+00,5.12531000e+02,2.36896909e+08
5.40059328e-01,1.34982474e+02,4.84410549e+12,1.93764220e+13,1.21102637e+14,4.84410549e+14,2.59777603e+05,1.03911041e+06,6.49444007e+06,2.59777603e+07,4.04897402e+00,9.41006661e+02,nan
5.52681486e-01,1.35876416e+02,3.60327344e+12,1.44130937e+13,9.00818359e+13,3.60327344e+14,2.16869050e+05,8.67476199e+05,5.42172624e+06,2.16869050e+07,3.76980508e+00,1.83525500e+03,nan
5.65598646e-01,1.36776278e+02,2.68568476e+12,1.07427390e+13,6.71421191e+13,2.68568476e+14,1.81282176e+05,7.25128704e+05,4.53205440e+06,1.81282176e+07,3.50469323e+00,3.80083823e+03,nan
5.78817704e-01,1.37682100e+02,2.00577071e+12,8.02308285e+12,5.01442678e+13,2.00577071e+14,1.51729699e+05,6.06918796e+05,3.79324248e+06,1.51729699e+07,3.25321214e+00,8.53746005e+03,nan
5.92345715e-01,1.38593920e+02,1.50096394e+12,6.00385576e+12,3.75240985e+13,1.50096394e+14,1.27157031e+05,5.08628124e+05,3.17892578e+06,1.27157031e+07,3.01494052e+00,2.13460695e+04,nan
6.06189899e-01,1.39511779e+02,1.12542427e+12,4.50169709e+12,2.81356068e+13,1.12542427e+14,1.06699112e+05,4.26796449e+05,2.66747781e+06,1.06699112e+07,2.78945639e+00,6.05268404e+04,nan
6.20357648e-01,1.40435717e+02,8.45500180e+11,3.38200072e+12,2.11375045e+13,8.45500180e+13,8.96454507e+04,3.58581803e+05,2.24113627e+06,8.96454507e+06,2.57633571e+00,2.01353069e+05,nan
6.34856522e-01,1.41365774e+02,6.36439223e+11,2.54575689e+12,1.59109806e+13,6.36439223e+13,7.54117687e+04,3.01647075e+05,1.88529422e+06,7.54117687e+06,2.37515241e+00,7.99181839e+05,nan
6.49694260e-01,1.42301990e+02,4.79999087e+11,1.91999635e+12,1.19999772e+13,4.79999087e+13,6.35169809e+04,2.54067923e+05,1.58792452e+06,6.35169809e+06,2.18547893e+00,3.61269683e+06,nan
6.64878784e-01,1.43244406e+02,3.62709223e+11,1.45083689e+12,9.06773059e+12,3.62709223e+13,5.35644762e+04,2.14257905e+05,1.33911191e+06,5.35644762e+06,2.00689132e+00,1.57537337e+07,nan
6.80418197e-01,1.44193064e+02,2.74603463e+11,1.09841385e+12,6.86508657e+12,2.74603463e+13,4.52268818e+04,1.80907527e+05,1.13067204e+06,4.52268818e+06,1.83897793e+00,4.97725728e+07,nan
6.96320794e-01,1.45148004e+02,2.08294204e+11,8.33176817e+11,5.20735510e+12,2.08294204e+13,3.82336440e+04,1.52934576e+05,9.55841099e+05,3.82336440e+06,1.68134138e+00,1.36837213e+08,nan
7.12595063e-01,1.46109269e+02,1.58294822e+11,6.33179288e+11,3.95737055e+12,1.58294822e+13,3.23608946e+04,1.29443578e+05,8.09022364e+05,3.23608946e+06,1.53359414e+00,4.25058594e+08,nan
7.29249692e-01,1.47076899e+02,1.20522795e+11,4.82091180e+11,3.01306988e+12,1.20522795e+13,2.74231706e+04,1.09692683e+05,6.85579266e+05,2.74231706e+06,1.39535586e+00,2.01506875e+09,nan
7.46293569e-01,1.48050938e+02,9.19346644e+10,3.67738657e+11,2.29836661e+12,9.19346644e+12,2.32666415e+04,9.30665662e+04,5.81666039e+05,2.32666415e+06,1.26625158e+00,1.15116629e+10,nan
7.63735792e-01,1.49031428e+02,7.02573388e+10,2.81029355e+11,1.75643347e+12,7.02573388e+12,1.97635612e+04,7.90542448e+04,4.94089030e+05,1.97635612e+06,1.14591097e+00,5.47540110e+10,nan
7.81585671e-01,1.50018411e+02,5.37899474e+10,2.15159789e+11,1.34474868e+12,5.37899474e+12,1.68077193e+04,6.72308773e+04,4.20192983e+05,1.68077193e+06,1.03396868e+00,1.73528138e+11,nan
7.99852734e-01,1.51011931e+02,4.12574443e+10,1.65029777e+11,1.03143611e+12,4.12574443e+12,1.43107067e+04,5.72428269e+04,3.57767668e+05,1.43107067e+06,9.30064439e-01,5.27593203e+11,nan
8.18546731e-01,1.52012030e+02,3.17022505e+10,1.26809002e+11,7.92556263e+11,3.17022505e+12,1.21988458e+04,4.87953831e+04,3.04971144e+05,1.21988458e+06,8.33842878e-01,1.70291752e+12,nan
8.37677640e-01,1.53018752e+02,2.44039013e+10,9.76156053e+10,6.10097533e+11,2.44039013e+12,1.04106642e+04,4.16426568e+04,2.60266605e+05,1.04106642e+06,7.44954123e-01,5.91711613e+12,nan
8.57255673e-01,1.54032142e+02,1.88193527e+10,7.52774107e+10,4.70483817e+11,1.88193527e+12,8.89481403e+03,3.55792561e+04,2.22370351e+05,8.89481403e+05,6.63054129e-01,2.26512378e+13,nan
8.77291280e-01,1.55052243e+02,1.45385551e+10,5.81542206e+10,3.63463879e+11,1.45385551e+12,7.60835489e+03,3.04334195e+04,1.90208872e+05,7.60835489e+05,5.87806596e-01,9.70403238e+13,nan
8.97795155e-01,1.56079100e+02,1.12513307e+10,4.50053227e+10,2.81283267e+11,1.12513307e+12,6.51533643e+03,2.60613457e+04,1.62883411e+05,6.51533643e+05,5.18873412e-01,4.83573804e+14,nan
9.18778243e-01,1.57112758e+02,8.72263226e+09,3.48905290e+10,2.18065806e+11,8.72263226e+11,5.58562645e+03,2.23425058e+04,1.39640661e+05,5.58562645e+05,4.55916905e-01,2.98913080e+15,nan
9.40251743e-01,1.58153260e+02,6.77403231e+09,2.70961292e+10,1.69350808e+11,6.77403231e+11,4.79394084e+03,1.91757633e+04,1.19848521e+05,4.79394084e+05,3.98610472e-01,2.61328300e+16,nan
9.62227117e-01,1.59200654e+02,5.26984712e+09,2.10793885e+10,1.31746178e+11,5.26984712e+11,4.11903988e+03,1.64761595e+04,1.02975997e+05,4.11903988e+05,3.46662625e-01,3.67174018e+17,nan
9.84716096e-01,1.60254985e+02,4.10671799e+09,1.64268720e+10,1.02667950e+11,4.10671799e+11,3.54306151e+03,1.41722461e+04,8.85765379e+04,3.54306151e+05,2.99942986e-01,3.25464024e+18,nan
1.00773068e+00,1.61316297e+02,3.20577434e+09,1.28230973e+10,8.01443584e+10,3.20577434e+11,3.05096767e+03,1.22038707e+04,7.62741916e+04,3.05096767e+05,nan,nan,nan
1.03128316e+00,1.62384639e+02,2.50672874e+09,1.00269150e+10,6.26682186e+10,2.50672874e+11,2.63008389e+03,1.05203355e+04,6.57520971e+04,2.63008389e+05,nan,nan,nan
1.05538610e+00,1.63460056e+02,1.96342002e+09,7.85368009e+09,4.90855006e+10,1.96342002e+11,2.26971625e+03,9.07886498e+03,5.67429061e+04,2.26971625e+05,nan,nan,nan
1.08005237e+00,1.64542594e+02,1.54044345e+09,6.16177379e+09,3.85110862e+10,1.54044345e+11,1.96083211e+03,7.84332845e+03,4.90208028e+04,1.96083211e+05,nan,nan,nan
1.10529514e+00,1.65632303e+02,1.21059867e+09,4.84239467e+09,3.02649667e+10,1.21059867e+11,1.69579387e+03,6.78317549e+03,4.23948468e+04,1.69579387e+05,nan,nan,nan
1.13112788e+00,1.66729227e+02,9.52953619e+08,3.81181447e+09,2.38238405e+10,9.52953619e+10,1.46813661e+03,5.87254644e+03,3.67034153e+04,1.46813661e+05,nan,nan,nan
1.15756437e+00,1.67833417e+02,7.51373296e+08,3.00549318e+09,1.87843324e+10,7.51373296e+10,1.27238224e+03,5.08952897e+03,3.18095561e+04,1.27238224e+05,nan,nan,nan
1.18461873e+00,1.68944919e+02,5.93399919e+08,2.37359967e+09,1.48349980e+10,5.93399919e+10,1.10388401e+03,4.41553605e+03,2.75971003e+04,1.10388401e+05,nan,nan,nan
1.21230540e+00,1.70063782e+02,4.69399137e+08,1.87759655e+09,1.17349784e+10,4.69399137e+10,9.58696205e+02,3.83478482e+03,2.39674051e+04,9.58696205e+04,nan,nan,nan
1.24063916e+00,1.71190055e+02,3.71908019e+08,1.48763208e+09,9.29770047e+09,3.71908019e+10,8.33464914e+02,3.33385966e+03,2.08366229e+04,8.33464914e+04,nan,nan,nan
1.26963513e+00,1.72323787e+02,2.95136318e+08,1.18054527e+09,7.37840796e+09,2.95136318e+10,7.25336334e+02,2.90134534e+03,1.81334084e+04,7.25336334e+04,nan,nan,nan
1.29930878e+00,1.73465027e+02,2.34584364e+08,9.38337455e+08,5.86460909e+09,2.34584364e+10,6.31879707e+02,2.52751883e+03,1.57969927e+04,6.31879707e+04,nan,nan,nan
1.32967597e+00,1.74613826e+02,1.86749833e+08,7.46999333e+08,4.66874583e+09,1.86749833e+10,5.51022501e+02,2.20409000e+03,1.37755625e+04,5.51022501e+04,nan,nan,nan
1.36075289e+00,1.75770232e+02,1.48902379e+08,5.95609516e+08,3.72255948e+09,1.48902379e+10,4.80995834e+02,1.92398333e+03,1.20248958e+04,4.80995834e+04,nan,nan,nan
1.39255613e+00,1.76934297e+02,1.18910123e+08,4.75640491e+08,2.97275307e+09,1.18910123e+10,4.20288470e+02,1.68115388e+03,1.05072118e+04,4.20288470e+04,nan,nan,nan
1.42510267e+00,1.78106071e+02,9.51058756e+07,3.80423502e+08,2.37764689e+09,9.51058756e+09,3.67608006e+02,1.47043203e+03,9.19020016e+03,3.67608006e+04,nan,nan,nan
1.45840988e+00,1.79285605e+02,7.61838267e+07,3.04735307e+08,1.90459567e+09,7.61838267e+09,3.21848088e+02,1.28739235e+03,8.04620219e+03,3.21848088e+04,nan,nan,nan
1.49249555e+00,1.80472951e+02,6.11196339e+07,2.44478536e+08,1.52799085e+09,6.11196339e+09,2.82060695e+02,1.12824278e+03,7.05151738e+03,2.82060695e+04,nan,nan,nan
1.52737785e+00,1.81668160e+02,4.91085230e+07,1.96434092e+08,1.22771308e+09,4.91085230e+09,2.47432690e+02,9.89730762e+02,6.18581726e+03,2.47432690e+04,nan,nan,nan
1.56307542e+00,1.82871285e+02,3.95172613e+07,1.58069045e+08,9.87931531e+08,3.95172613e+09,2.17265949e+02,8.69063797e+02,5.43164873e+03,2.17265949e+04,nan,nan,nan
1.59960730e+00,1.84082378e+02,3.18468395e+07,1.27387358e+08,7.96170988e+08,3.18468395e+09,1.90960515e+02,7.63842062e+02,4.77401289e+03,1.90960515e+04,nan,nan,nan
1.63699300e+00,1.85301491e+02,2.57034312e+07,1.02813725e+08,6.42585781e+08,2.57034312e+09,1.68000303e+02,6.72001211e+02,4.20000757e+03,1.68000303e+04,nan,nan,nan
1.67525247e+00,1.86528678e+02,2.07757582e+07,8.31030329e+07,5.19393956e+08,2.07757582e+09,1.47940948e+02,5.91763793e+02,3.69852371e+03,1.47940948e+04,nan,nan,nan
1.71440614e+00,1.87763992e+02,1.68174236e+07,6.72696943e+07,4.20435589e+08,1.68174236e+09,1.30399483e+02,5.21597932e+02,3.25998708e+03,1.30399483e+04,nan,nan,nan
1.75447489e+00,1.89007488e+02,1.36331010e+07,5.45324041e+07,3.40827525e+08,1.36331010e+09,1.15045540e+02,4.60182161e+02,2.87613851e+03,1.15045540e+04,nan,nan,nan
1.79548012e+00,1.90259218e+02,1.10677232e+07,4.42708930e+07,2.76693081e+08,1.10677232e+09,1.01593864e+02,4.06375456e+02,2.53984660e+03,1.01593864e+04,nan,nan,nan
1.83744372e+00,1.91519239e+02,8.99800526e+06,3.59920210e+07,2.24950131e+08,8.99800526e+08,8.97979217e+01,3.59191687e+02,2.24494804e+03,8.97979217e+03,nan,nan,nan
1.88038809e+00,1.92787604e+02,7.32578891e+06,2.93031556e+07,1.83144723e+08,7.32578891e+08,7.94444511e+01,3.17777804e+02,1.98611128e+03,7.94444511e+03,nan,nan,nan
1.92433614e+00,1.94064369e+02,5.97280978e+06,2.38912391e+07,1.49320245e+08,5.97280978e+08,7.03488022e+01,2.81395209e+02,1.75872005e+03,7.03488022e+03,nan,nan,nan
1.96931134e+00,1.95349589e+02,4.87657648e+06,1.95063059e+07,1.21914412e+08,4.87657648e+08,6.23509532e+01,2.49403813e+02,1.55877383e+03,6.23509532e+03,nan,nan,nan
2.01533769e+00,1.96643321e+02,3.98712123e+06,1.59484849e+07,9.96780307e+07,3.98712123e+08,5.70032759e+01,2.28013104e+02,1.42508190e+03,5.70032759e+03,nan,nan,nan
2.06243975e+00,1.97945621e+02,3.26443395e+06,1.30577358e+07,8.16108488e+07,3.26443395e+08,5.22235482e+01,2.08894193e+02,1.30558871e+03,5.22235482e+03,nan,nan,nan
2.11064268e+00,1.99256546e+02,2.67643317e+06,1.07057327e+07,6.69108292e+07,2.67643317e+08,4.78859400e+01,1.91543760e+02,1.19714850e+03,4.78859400e+03,nan,nan,nan
2.15997219e+00,2.00576152e+02,2.19735913e+06,8.78943652e+06,5.49339783e+07,2.19735913e+08,4.39462954e+01,1.75785181e+02,1.09865738e+03,4.39462954e+03,nan,nan,nan
2.21045463e+00,2.01904498e+02,1.80649966e+06,7.22599863e+06,4.51624914e+07,1.80649966e+08,4.03651605e+01,1.61460642e+02,1.00912901e+03,4.03651605e+03,nan,nan,nan
2.26211693e+00,2.03241641e+02,1.48717826e+06,5.94871305e+06,3.71794566e+07,1.48717826e+08,3.71072545e+01,1.48429018e+02,9.27681364e+02,3.71072545e+03,nan,nan,nan
2.31498667e+00,2.04587640e+02,1.22594958e+06,4.90379832e+06,3.06487395e+07,1.22594958e+08,3.41410024e+01,1.36564010e+02,8.53525061e+02,3.41410024e+03,nan,nan,nan
2.36909207e+00,2.05942552e+02,1.01195868e+06,4.04783470e+06,2.52989669e+07,1.01195868e+08,3.14381236e+01,1.25752494e+02,7.85953089e+02,3.14381236e+03,nan,nan,nan
2.42446202e+00,2.07306438e+02,8.36430223e+05,3.34572089e+06,2.09107556e+07,8.36430223e+07,2.89732678e+01,1.15893071e+02,7.24331694e+02,2.89732678e+03,nan,nan,nan
2.48112606e+00,2.08679356e+02,6.92260626e+05,2.76904250e+06,1.73065156e+07,6.92260626e+07,2.67236938e+01,1.06894775e+02,6.68092344e+02,2.67236938e+03,nan,nan,nan
2.53911443e+00,2.10061366e+02,5.73691942e+05,2.29476777e+06,1.43422985e+07,5.73691942e+07,2.46689849e+01,9.86759397e+01,6.16724623e+02,2.46689849e+03,nan,nan,nan
2.59845810e+00,2.11452529e+02,4.76050833e+05,1.90420333e+06,1.19012708e+07,4.76050833e+07,2.27907973e+01,9.11631894e+01,5.69769934e+02,2.27907973e+03,nan,nan,nan
2.65918874e+00,2.12852906e+02,3.95539308e+05,1.58215723e+06,9.88848270e+06,3.95539308e+07,2.10726367e+01,8.42905468e+01,5.26815918e+02,2.10726367e+03,nan,nan,nan
2.72133877e+00,2.14262556e+02,3.29066759e+05,1.31626704e+06,8.22666897e+06,3.29066759e+07,1.94996606e+01,7.79986423e+01,4.87491514e+02,1.94996606e+03,nan,nan,nan
2.78494135e+00,2.15681542e+02,2.74114968e+05,1.09645987e+06,6.85287421e+06,2.74114968e+07,1.80585027e+01,7.22340109e+01,4.51462568e+02,1.80585027e+03,nan,nan,nan
2.85003044e+00,2.17109926e+02,2.28629473e+05,9.14517890e+05,5.71573681e+06,2.28629473e+07,1.67371174e+01,6.69484696e+01,4.18427935e+02,1.67371174e+03,nan,nan,nan
2.91664078e+00,2.18547769e+02,1.90932026e+05,7.63728103e+05,4.77330064e+06,1.90932026e+07,1.55246407e+01,6.20985628e+01,3.88116018e+02,1.55246407e+03,nan,nan,nan
2.98480792e+00,2.19995134e+02,1.59649973e+05,6.38599892e+05,3.99124932e+06,1.59649973e+07,1.44112673e+01,5.76450694e+01,3.60281683e+02,1.44112673e+03,nan,nan,nan
3.05456825e+00,2.21452085e+02,1.33659196e+05,5.34636786e+05,3.34147991e+06,1.33659196e+07,1.33881410e+01,5.35525641e+01,3.34703525e+02,1.33881410e+03,nan,nan,nan
3.12595900e+00,2.22918685e+02,1.12037966e+05,4.48151866e+05,2.80094916e+06,1.12037966e+07,1.24472567e+01,4.97890270e+01,3.11181419e+02,1.24472567e+03,nan,nan,nan
3.19901828e+00,2.24394998e+02,9.40295668e+04,3.76118267e+05,2.35073917e+06,9.40295668e+06,1.15813738e+01,4.63254951e+01,2.89534344e+02,1.15813738e+03,nan,nan,nan
3.27378510e+00,2.25881087e+02,7.90119889e+04,3.16047956e+05,1.97529972e+06,7.90119889e+06,1.07839379e+01,4.31357515e+01,2.69598447e+02,1.07839379e+03,nan,nan,nan
3.35029934e+00,2.27377019e+02,6.64733262e+04,2.65893305e+05,1.66183316e+06,6.64733262e+06,1.00490121e+01,4.01960484e+01,2.51225302e+02,1.00490121e+03,nan,nan,nan
3.42860186e+00,2.28882857e+02,5.59917738e+04,2.23967095e+05,1.39979434e+06,5.59917738e+06,9.37121476e+00,3.74848590e+01,2.34280369e+02,9.37121476e+02,nan,nan,nan
3.50873446e+00,2.30398669e+02,4.72193498e+04,1.88877399e+05,1.18048374e+06,4.72193498e+06,8.74566412e+00,3.49826565e+01,2.18641603e+02,8.74566412e+02,nan,nan,nan
3.59073989e+00,2.31924519e+02,3.98686313e+04,1.59474525e+05,9.96715782e+05,3.98686313e+06,8.16792883e+00,3.26717153e+01,2.04198221e+02,8.16792883e+02,nan,nan,nan
3.67466194e+00,2.33460474e+02,3.37019326e+04,1.34807730e+05,8.42548315e+05,3.37019326e+06,7.63398362e+00,3.05359345e+01,1.90849590e+02,7.63398362e+02,nan,nan,nan
3.76054540e+00,2.35006601e+02,2.85224660e+04,1.14089864e+05,7.13061650e+05,2.85224660e+06,7.14016953e+00,2.85606781e+01,1.78504238e+02,7.14016953e+02,nan,nan,nan
3.84843611e+00,2.36562967e+02,2.41671131e+04,9.66684525e+04,6.04177828e+05,2.41671131e+06,6.68315836e+00,2.67326334e+01,1.67078959e+02,6.68315836e+02,nan,nan,nan
3.93838098e+00,2.38129641e+02,2.05005065e+04,8.20020262e+04,5.12512663e+05,2.05005065e+06,6.25992069e+00,2.50396828e+01,1.56498017e+02,6.25992069e+02,nan,nan,nan
4.03042803e+00,2.39706691e+02,1.74101783e+04,6.96407132e+04,4.35254458e+05,1.74101783e+06,5.86769723e+00,2.34707889e+01,1.46692431e+02,5.86769723e+02,nan,nan,nan
4.12462638e+00,2.41294184e+02,1.48025785e+04,5.92103141e+04,3.70064463e+05,1.48025785e+06,5.50397301e+00,2.20158920e+01,1.37599325e+02,5.50397301e+02,nan,nan,nan
4.22102632e+00,2.42892191e+02,1.25998042e+04,5.03992169e+04,3.14995105e+05,1.25998042e+06,5.16645429e+00,2.06658172e+01,1.29161357e+02,5.16645429e+02,nan,nan,nan
4.31967930e+00,2.44500782e+02,1.07369084e+04,4.29476337e+04,2.68422711e+05,1.07369084e+06,4.85304769e+00,1.94121908e+01,1.21326192e+02,4.85304769e+02,nan,nan,nan
4.42063797e+00,2.46120025e+02,9.15968446e+03,3.66387379e+04,2.28992112e+05,9.15968446e+05,4.56184147e+00,1.82473659e+01,1.14046037e+02,4.56184147e+02,nan,nan,nan
4.52395623e+00,2.47749992e+02,7.82283902e+03,3.12913561e+04,1.95570975e+05,7.82283902e+05,4.29108860e+00,1.71643544e+01,1.07277215e+02,4.29108860e+02,nan,nan,nan
4.62968923e+00,2.49390753e+02,6.68848433e+03,2.67539373e+04,1.67212108e+05,6.68848433e+05,4.03919158e+00,1.61567663e+01,1.00979790e+02,4.03919158e+02,nan,nan,nan
4.73789339e+00,2.51042381e+02,5.72489229e+03,2.28995692e+04,1.43122307e+05,5.72489229e+05,3.80468873e+00,1.52187549e+01,9.51172181e+01,3.80468873e+02,nan,nan,nan
4.84862648e+00,2.52704947e+02,4.90546386e+03,1.96218554e+04,1.22636596e+05,4.90546386e+05,3.58624172e+00,1.43449669e+01,8.96560430e+01,3.58624172e+02,nan,nan,nan
4.96194760e+00,2.54378524e+02,4.20787548e+03,1.68315019e+04,1.05196887e+05,4.20787548e+05,3.38262449e+00,1.35304979e+01,8.45656122e+01,3.38262449e+02,nan,nan,nan
5.07791724e+00,2.56063184e+02,3.61337160e+03,1.44534864e+04,9.03342899e+04,3.61337160e+05,3.19271305e+00,1.27708522e+01,7.98178264e+01,3.19271305e+02,nan,nan,nan
5.19659730e+00,2.57759001e+02,3.10617735e+03,1.24247094e+04,7.76544338e+04,3.10617735e+05,3.01547642e+00,1.20619057e+01,7.53869106e+01,3.01547642e+02,nan,nan,nan
5.31805113e+00,2.59466049e+02,2.67301068e+03,1.06920427e+04,6.68252671e+04,2.67301068e+05,2.84996829e+00,1.13998732e+01,7.12492073e+01,2.84996829e+02,nan,nan,nan
5.44234355e+00,2.61184402e+02,2.30267652e+03,9.21070606e+03,5.75669129e+04,2.30267652e+05,2.69531958e+00,1.07812783e+01,6.73829895e+01,2.69531958e+02,nan,nan,nan
5.56954091e+00,2.62914135e+02,1.98572887e+03,7.94291546e+03,4.96432217e+04,1.98572887e+05,2.55073164e+00,1.02029265e+01,6.37682909e+01,2.55073164e+02,nan,nan,nan
5.69971109e+00,2.64655323e+02,1.71418920e+03,6.85675679e+03,4.28547300e+04,1.71418920e+05,2.41547009e+00,9.66188038e+00,6.03867524e+01,2.41547009e+02,nan,nan,nan
5.83292359e+00,2.66408043e+02,1.48131143e+03,5.92524573e+03,3.70327858e+04,1.48131143e+05,2.28885931e+00,9.15543722e+00,5.72214826e+01,2.28885931e+02,nan,nan,nan
5.96924951e+00,2.68172371e+02,1.28138566e+03,5.12554262e+03,3.20346414e+04,1.28138566e+05,2.17027726e+00,8.68110906e+00,5.42569316e+01,2.17027726e+02,nan,nan,nan
6.10876161e+00,2.69948383e+02,1.10957400e+03,4.43829599e+03,2.77393499e+04,1.10957400e+05,2.05915103e+00,8.23660411e+00,5.14787757e+01,2.05915103e+02,nan,nan,nan
6.25153435e+00,2.71736156e+02,9.61773259e+02,3.84709304e+03,2.40443315e+04,9.61773259e+04,1.95495253e+00,7.81981013e+00,4.88738133e+01,1.95495253e+02,nan,nan,nan
6.39764396e+00,2.73535770e+02,8.37490467e+02,3.34996187e+03,2.09372617e+04,8.37490467e+04,1.85719480e+00,7.42877920e+00,4.64298700e+01,1.85719480e+02,nan,nan,nan
6.54716840e+00,2.75347302e+02,7.40029275e+02,2.96011710e+03,1.85007319e+04,7.40029275e+04,1.76542848e+00,7.06171393e+00,4.41357121e+01,1.76542848e+02,nan,nan,nan
6.70018750e+00,2.77170831e+02,6.54612549e+02,2.61845019e+03,1.63653137e+04,6.54612549e+04,1.67923873e+00,6.71695492e+00,4.19809682e+01,1.67923873e+02,nan,nan,nan
6.85678294e+00,2.79006436e+02,5.79673013e+02,2.31869205e+03,1.44918253e+04,5.79673013e+04,1.59824231e+00,6.39296925e+00,3.99560578e+01,1.59824231e+02,nan,nan,nan
7.01703829e+00,2.80854199e+02,5.13856812e+02,2.05542725e+03,1.28464203e+04,5.13856812e+04,1.52208502e+00,6.08834009e+00,3.80521256e+01,1.52208502e+02,nan,nan,nan
7.18103909e+00,2.82714198e+02,4.55993244e+02,1.82397297e+03,1.13998311e+04,4.55993244e+04,1.45043929e+00,5.80175717e+00,3.62609823e+01,1.45043929e+02,nan,nan,nan
7.34887289e+00,2.84586515e+02,4.05068939e+02,1.62027575e+03,1.01267235e+04,4.05068939e+04,1.38300203e+00,5.53200811e+00,3.45750507e+01,1.38300203e+02,nan,nan,nan
7.52062927e+00,2.86471232e+02,3.60205826e+02,1.44082330e+03,9.00514564e+03,3.60205826e+04,1.31949262e+00,5.27797049e+00,3.29873155e+01,1.31949262e+02,nan,nan,nan
7.69639990e+00,2.88368431e+02,3.20642296e+02,1.28256918e+03,8.01605740e+03,3.20642296e+04,1.25965115e+00,5.03860460e+00,3.14912787e+01,1.25965115e+02,nan,nan,nan
7.87627861e+00,2.90278195e+02,2.85717095e+02,1.14286838e+03,7.14292737e+03,2.85717095e+04,1.20323672e+00,4.81294687e+00,3.00809179e+01,1.20323672e+02,nan,nan,nan
8.06036141e+00,2.92200606e+02,2.54855522e+02,1.01942209e+03,6.37138806e+03,2.54855522e+04,1.15002594e+00,4.60010378e+00,2.87506486e+01,1.15002594e+02,nan,nan,nan
8.24874655e+00,2.94135748e+02,2.27557613e+02,9.10230452e+02,5.68894033e+03,2.27557613e+04,1.09981159e+00,4.39924634e+00,2.74952896e+01,1.09981159e+02,nan,nan,nan
8.44153460e+00,2.96083707e+02,2.03387986e+02,8.13551945e+02,5.08469966e+03,2.03387986e+04,1.05240127e+00,4.20960506e+00,2.63100316e+01,1.05240127e+02,nan,nan,nan
8.63882844e+00,2.98044566e+02,1.81967135e+02,7.27868539e+02,4.54917837e+03,1.81967135e+04,1.00761632e+00,4.03046526e+00,2.51904079e+01,1.00761632e+02,nan,nan,nan
8.84073340e+00,3.00018411e+02,1.62963933e+02,6.51855731e+02,4.07409832e+03,1.62963933e+04,9.65290715e-01,3.86116286e+00,2.41322679e+01,9.65290715e+01,nan,nan,nan
9.04735724e+00,3.02005328e+02,1.46089190e+02,5.84356761e+02,3.65222976e+03,1.46089190e+04,9.25270117e-01,3.70108047e+00,2.31317529e+01,9.25270117e+01,nan,nan,nan
9.25881025e+00,3.04005403e+02,1.31090100e+02,5.24360402e+02,3.27725251e+03,1.31090100e+04,8.87410953e-01,3.54964381e+00,2.21852738e+01,8.87410953e+01,nan,nan,nan
9.47520530e+00,3.06018725e+02,1.17745452e+02,4.70981808e+02,2.94363630e+03,1.17745452e+04,8.51579616e-01,3.40631846e+00,2.12894904e+01,8.51579616e+01,nan,nan,nan
9.69665789e+00,3.08045380e+02,1.05861499e+02,4.23445996e+02,2.64653747e+03,1.05861499e+04,8.17651706e-01,3.27060682e+00,2.04412926e+01,8.17651706e+01,nan,nan,nan
9.92328623e+00,3.10085457e+02,9.52683904e+01,3.81073562e+02,2.38170976e+03,9.52683904e+03,7.85511338e-01,3.14204535e+00,1.96377834e+01,7.85511338e+01,nan,nan,nan
1.01552113e+01,3.12139045e+02,8.58170863e+01,3.43268345e+02,2.14542716e+03,8.58170863e+03,7.55050508e-01,3.02020203e+00,1.88762627e+01,7.55050508e+01,nan,nan,nan
1.03925568e+01,3.14206233e+02,7.73766861e+01,3.09506745e+02,1.93441715e+03,7.73766861e+03,7.26168507e-01,2.90467403e+00,1.81542127e+01,7.26168507e+01,nan,nan,nan
1.06354496e+01,3.16287111e+02,6.98321163e+01,2.79328465e+02,1.74580291e+03,6.98321163e+03,6.98771384e-01,2.79508554e+00,1.74692846e+01,6.98771384e+01,nan,nan,nan
1.08840192e+01,3.18381770e+02,6.30821242e+01,2.52328497e+02,1.57705311e+03,6.30821242e+03,6.72771450e-01,2.69108580e+00,1.68192863e+01,6.72771450e+01,nan,nan,nan
1.11383983e+01,3.20490301e+02,5.70375381e+01,2.28150152e+02,1.42593845e+03,5.70375381e+03,6.48086823e-01,2.59234729e+00,1.62021706e+01,6.48086823e+01,nan,nan,nan
1.13987227e+01,3.22612796e+02,5.16197548e+01,2.06479019e+02,1.29049387e+03,5.16197548e+03,6.24641006e-01,2.49856402e+00,1.56160252e+01,6.24641006e+01,nan,nan,nan
1.16651313e+01,3.24749348e+02,4.67594258e+01,1.87037703e+02,1.16898564e+03,4.67594258e+03,6.02362503e-01,2.40945001e+00,1.50590626e+01,6.02362503e+01,nan,nan,nan
1.19377664e+01,3.26900050e+02,4.23953133e+01,1.69581253e+02,1.05988283e+03,4.23953133e+03,5.81184456e-01,2.32473782e+00,1.45296114e+01,5.81184456e+01,nan,nan,nan
1.22167735e+01,3.29064995e+02,3.84732943e+01,1.53893177e+02,9.61832358e+02,3.84732943e+03,5.61044322e-01,2.24417729e+00,1.40261080e+01,5.61044322e+01,nan,nan,nan
1.25023015e+01,3.31244277e+02,3.49454922e+01,1.39781969e+02,8.73637306e+02,3.49454922e+03,5.41883563e-01,2.16753425e+00,1.35470891e+01,5.41883563e+01,nan,nan,nan
1.27945027e+01,3.33437992e+02,3.17695193e+01,1.27078077e+02,7.94237982e+02,3.17695193e+03,5.23647368e-01,2.09458947e+00,1.30911842e+01,5.23647368e+01,nan,nan,nan
1.30935333e+01,3.35646236e+02,2.89078151e+01,1.15631260e+02,7.22695377e+02,2.89078151e+03,5.06284392e-01,2.02513757e+00,1.26571098e+01,5.06284392e+01,nan,nan,nan
1.33995527e+01,3.37869103e+02,2.63270684e+01,1.05308274e+02,6.58176711e+02,2.63270684e+03,4.89746514e-01,1.95898606e+00,1.22436629e+01,4.89746514e+01,nan,nan,nan
1.37127243e+01,3.40106692e+02,2.39977115e+01,9.59908461e+01,5.99942788e+02,2.39977115e+03,4.73988620e-01,1.89595448e+00,1.18497155e+01,4.73988620e+01,nan,nan,nan
1.40332154e+01,3.42359100e+02,2.18934773e+01,8.75739094e+01,5.47336934e+02,2.18934773e+03,4.58968390e-01,1.83587356e+00,1.14742098e+01,4.58968390e+01,nan,nan,nan
1.43611969e+01,3.44626425e+02,1.99910116e+01,7.99640464e+01,4.99775290e+02,1.99910116e+03,4.44646115e-01,1.77858446e+00,1.11161529e+01,4.44646115e+01,nan,nan,nan
1.46968439e+01,3.46908765e+02,1.82695326e+01,7.30781302e+01,4.56738314e+02,1.82695326e+03,4.30984513e-01,1.72393805e+00,1.07746128e+01,4.30984513e+01,nan,nan,nan
1.50403355e+01,3.49206221e+02,1.67105324e+01,6.68421298e+01,4.17763311e+02,1.67105324e+03,4.17948574e-01,1.67179429e+00,1.04487143e+01,4.17948574e+01,nan,nan,nan
1.53918552e+01,3.51518892e+02,1.52975152e+01,6.11900607e+01,3.82437879e+02,1.52975152e+03,4.05505400e-01,1.62202160e+00,1.01376350e+01,4.05505400e+01,nan,nan,nan
1.57515906e+01,3.53846879e+02,1.40157657e+01,5.60630630e+01,3.50394144e+02,1.40157657e+03,3.93624072e-01,1.57449629e+00,9.84060181e+00,3.93624072e+01,nan,nan,nan
1.61197336e+01,3.56190283e+02,1.28521474e+01,5.14085895e+01,3.21303684e+02,1.28521474e+03,3.82275514e-01,1.52910206e+00,9.55688786e+00,3.82275514e+01,nan,nan,nan
1.64964807e+01,3.58549207e+02,1.17949229e+01,4.71796915e+01,2.94873072e+02,1.17949229e+03,3.71432376e-01,1.48572950e+00,9.28580939e+00,3.71432376e+01,nan,nan,nan
1.68820332e+01,3.60923753e+02,1.08335972e+01,4.33343887e+01,2.70839930e+02,1.08335972e+03,3.61068916e-01,1.44427566e+00,9.02672290e+00,3.61068916e+01,nan,nan,nan
1.72765966e+01,3.63314025e+02,9.95877854e+00,3.98351141e+01,2.48969463e+02,9.95877854e+02,3.51160904e-01,1.40464361e+00,8.77902259e+00,3.51160904e+01,nan,nan,nan
1.76803818e+01,3.65720127e+02,9.16205591e+00,3.66482237e+01,2.29051398e+02,9.16205591e+02,3.41685516e-01,1.36674206e+00,8.54213790e+00,3.41685516e+01,nan,nan,nan
1.80936041e+01,3.68142163e+02,8.43589077e+00,3.37435631e+01,2.10897269e+02,8.43589077e+02,3.32621251e-01,1.33048500e+00,8.31553128e+00,3.32621251e+01,nan,nan,nan
1.85164842e+01,3.70580240e+02,7.77352132e+00,3.10940853e+01,1.94338033e+02,7.77352132e+02,3.23947842e-01,1.29579137e+00,8.09869606e+00,3.23947842e+01,nan,nan,nan
1.89492477e+01,3.73034464e+02,7.16887787e+00,2.86755115e+01,1.79221947e+02,7.16887787e+02,3.15646182e-01,1.26258473e+00,7.89115454e+00,3.15646182e+01,nan,nan,nan
1.93921257e+01,3.75504941e+02,6.61650784e+00,2.64660314e+01,1.65412696e+02,6.61650784e+02,3.07698245e-01,1.23079298e+00,7.69245612e+00,3.07698245e+01,nan,nan,nan
1.98453546e+01,3.77991779e+02,6.11150930e+00,2.44460372e+01,1.52787733e+02,6.11150930e+02,3.00087026e-01,1.20034810e+00,7.50217565e+00,3.00087026e+01,nan,nan,nan
2.03091762e+01,3.80495086e+02,5.64947212e+00,2.25978885e+01,1.41236803e+02,5.64947212e+02,2.92796473e-01,1.17118589e+00,7.31991182e+00,2.92796473e+01,nan,nan,nan
2.07838382e+01,3.83014972e+02,5.22642561e+00,2.09057024e+01,1.30660640e+02,5.22642561e+02,2.85811429e-01,1.14324571e+00,7.14528571e+00,2.85811429e+01,nan,nan,nan
2.12695939e+01,3.85551547e+02,4.83879216e+00,1.93551686e+01,1.20969804e+02,4.83879216e+02,2.79117576e-01,1.11647030e+00,6.97793940e+00,2.79117576e+01,nan,nan,nan
2.17667025e+01,3.88104920e+02,4.48334591e+00,1.79333836e+01,1.12083648e+02,4.48334591e+02,2.72701388e-01,1.09080555e+00,6.81753470e+00,2.72701388e+01,nan,nan,nan
2.22754295e+01,3.90675203e+02,4.15717609e+00,1.66287044e+01,1.03929402e+02,4.15717609e+02,2.66550079e-01,1.06620031e+00,6.66375196e+00,2.66550079e+01,nan,nan,nan
2.27960464e+01,3.93262509e+02,3.85765434e+00,1.54306173e+01,9.64413584e+01,3.85765434e+02,2.60651558e-01,1.04260623e+00,6.51628894e+00,2.60651558e+01,nan,nan,nan
2.33288310e+01,3.95866949e+02,3.58240559e+00,1.43296224e+01,8.95601397e+01,3.58240559e+02,2.54994391e-01,1.01997757e+00,6.37485978e+00,2.54994391e+01,nan,nan,nan
2.38740677e+01,3.98488637e+02,3.32928215e+00,1.33171286e+01,8.32320538e+01,3.32928215e+02,2.49567761e-01,9.98271044e-01,6.23919403e+00,2.49567761e+01,nan,nan,nan
2.44320476e+01,4.01127688e+02,3.09634057e+00,1.23853623e+01,7.74085142e+01,3.09634057e+02,2.44361429e-01,9.77445714e-01,6.10903571e+00,2.44361429e+01,nan,nan,nan
2.50030685e+01,4.03784217e+02,2.88182095e+00,1.15272838e+01,7.20455237e+01,2.88182095e+02,2.39365701e-01,9.57462803e-01,5.98414252e+00,2.39365701e+01,nan,nan,nan
2.55874352e+01,4.06458339e+02,2.68412854e+00,1.07365142e+01,6.71032134e+01,2.68412854e+02,2.34571399e-01,9.38285594e-01,5.86428497e+00,2.34571399e+01,nan,nan,nan
2.61854596e+01,4.09150170e+02,2.50181722e+00,1.00072689e+01,6.25454305e+01,2.50181722e+02,2.29969828e-01,9.19879310e-01,5.74924569e+00,2.29969828e+01,nan,nan,nan
2.67974609e+01,4.11859829e+02,2.33357476e+00,9.33429904e+00,5.83393690e+01,2.33357476e+02,2.25552749e-01,9.02210995e-01,5.63881872e+00,2.25552749e+01,nan,nan,nan
2.74237657e+01,4.14587433e+02,2.17820961e+00,8.71283842e+00,5.44552401e+01,2.17820961e+02,2.21312354e-01,8.85249416e-01,5.53280885e+00,2.21312354e+01,nan,nan,nan
2.80647085e+01,4.17333100e+02,2.03463905e+00,8.13855621e+00,5.08659763e+01,2.03463905e+02,2.17241240e-01,8.68964961e-01,5.43103101e+00,2.17241240e+01,nan,nan,nan
2.87206312e+01,4.20096952e+02,1.90187865e+00,7.60751458e+00,4.75469661e+01,1.90187865e+02,2.13332388e-01,8.53329550e-01,5.33330969e+00,2.13332388e+01,nan,nan,nan
2.93918840e+01,4.22879107e+02,1.77903267e+00,7.11613067e+00,4.44758167e+01,1.77903267e+02,2.09579137e-01,8.38316549e-01,5.23947843e+00,2.09579137e+01,nan,nan,nan
3.00788252e+01,4.25679688e+02,1.66528560e+00,6.66114241e+00,4.16321401e+01,1.66528560e+02,2.05975172e-01,8.23900687e-01,5.14937930e+00,2.05975172e+01,nan,nan,nan
3.07818214e+01,4.28498816e+02,1.55989447e+00,6.23957787e+00,3.89973617e+01,1.55989447e+02,2.02514496e-01,8.10057984e-01,5.06286240e+00,2.02514496e+01,nan,nan,nan
3.15012480e+01,4.31336614e+02,1.46218192e+00,5.84872766e+00,3.65545479e+01,1.46218192e+02,1.99191419e-01,7.96765677e-01,4.97978548e+00,1.99191419e+01,nan,nan,nan
3.22374888e+01,4.34193205e+02,1.37153005e+00,5.48612020e+00,3.42882513e+01,1.37153005e+02,1.96000539e-01,7.84002155e-01,4.90001347e+00,1.96000539e+01,nan,nan,nan
3.29909369e+01,4.37068715e+02,1.28737484e+00,5.14949936e+00,3.21843710e+01,1.28737484e+02,1.92936724e-01,7.71746896e-01,4.82341810e+00,1.92936724e+01,nan,nan,nan
3.37619944e+01,4.39963269e+02,1.20920109e+00,4.83680438e+00,3.02300274e+01,1.20920109e+02,1.89995103e-01,7.59980411e-01,4.74987757e+00,1.89995103e+01,nan,nan,nan
3.45510729e+01,4.42876992e+02,1.13653794e+00,4.54615175e+00,2.84134484e+01,1.13653794e+02,1.87171046e-01,7.48684183e-01,4.67927614e+00,1.87171046e+01,nan,nan,nan
3.53585937e+01,4.45810011e+02,1.06895473e+00,4.27581892e+00,2.67238682e+01,1.06895473e+02,1.84460155e-01,7.37840622e-01,4.61150389e+00,1.84460155e+01,nan,nan,nan
3.61849876e+01,4.48762455e+02,1.00605738e+00,4.02422953e+00,2.51514346e+01,1.00605738e+02,1.81858253e-01,7.27433011e-01,4.54645632e+00,1.81858253e+01,nan,nan,nan
3.70306958e+01,4.51734452e+02,9.47485035e-01,3.78994014e+00,2.36871259e+01,9.47485035e+01,1.79361366e-01,7.17445465e-01,4.48403415e+00,1.79361366e+01,nan,nan,nan
3.78961698e+01,4.54726132e+02,8.92907049e-01,3.57162820e+00,2.23226762e+01,8.92907049e+01,1.76965720e-01,7.07862881e-01,4.42414301e+00,1.76965720e+01,nan,nan,nan
3.87818715e+01,4.57737624e+02,8.42020294e-01,3.36808118e+00,2.10505074e+01,8.42020294e+01,1.74667727e-01,6.98670907e-01,4.36669317e+00,1.74667727e+01,nan,nan,nan
3.96882735e+01,4.60769061e+02,7.94546690e-01,3.17818676e+00,1.98636672e+01,7.94546690e+01,1.72463974e-01,6.89855896e-01,4.31159935e+00,1.72463974e+01,nan,nan,nan
4.06158599e+01,4.63820573e+02,7.50230986e-01,3.00092395e+00,1.87557747e+01,7.50230986e+01,1.70351218e-01,6.81404873e-01,4.25878046e+00,1.70351218e+01,nan,nan,nan
4.15651256e+01,4.66892295e+02,7.08838748e-01,2.83535499e+00,1.77209687e+01,7.08838748e+01,1.68326375e-01,6.73305502e-01,4.20815938e+00,1.68326375e+01,nan,nan,nan
4.25365773e+01,4.69984359e+02,6.70154530e-01,2.68061812e+00,1.67538633e+01,6.70154530e+01,1.66386513e-01,6.65546052e-01,4.15966283e+00,1.66386513e+01,nan,nan,nan
4.35307336e+01,4.73096902e+02,6.33980225e-01,2.53592090e+00,1.58495056e+01,6.33980225e+01,1.64528843e-01,6.58115371e-01,4.11322107e+00,1.64528843e+01,nan,nan,nan
4.45481252e+01,4.76230057e+02,6.00133561e-01,2.40053424e+00,1.50033390e+01,6.00133561e+01,1.62750713e-01,6.51002853e-01,4.06876783e+00,1.62750713e+01,nan,nan,nan
4.55892950e+01,4.79383962e+02,5.68446739e-01,2.27378696e+00,1.42111685e+01,5.68446739e+01,1.61049604e-01,6.44198415e-01,4.02624009e+00,1.61049604e+01,nan,nan,nan
4.66547988e+01,4.82558755e+02,5.38765196e-01,2.15506079e+00,1.34691299e+01,5.38765196e+01,1.59423117e-01,6.37692469e-01,3.98557793e+00,1.59423117e+01,nan,nan,nan
4.77452054e+01,4.85754573e+02,5.10946481e-01,2.04378592e+00,1.27736620e+01,5.10946481e+01,1.57868976e-01,6.31475903e-01,3.94672440e+00,1.57868976e+01,nan,nan,nan
4.88610967e+01,4.88971556e+02,4.84859229e-01,1.93943692e+00,1.21214807e+01,4.84859229e+01,1.56385013e-01,6.25540053e-01,3.90962533e+00,1.56385013e+01,nan,nan,nan
5.00030684e+01,4.92209844e+02,4.60382235e-01,1.84152894e+00,1.15095559e+01,4.60382235e+01,1.54969172e-01,6.19876686e-01,3.87422929e+00,1.54969172e+01,nan,nan,nan
5.11717301e+01,4.95469577e+02,4.37403602e-01,1.74961441e+00,1.09350900e+01,4.37403602e+01,1.53619495e-01,6.14477978e-01,3.84048737e+00,1.53619495e+01,nan,nan,nan
5.23677054e+01,4.98750899e+02,4.15819972e-01,1.66327989e+00,1.03954993e+01,4.15819972e+01,1.52334125e-01,6.09336499e-01,3.80835312e+00,1.52334125e+01,nan,nan,nan
5.35916329e+01,5.02053952e+02,3.95535820e-01,1.58214328e+00,9.88839550e+00,3.95535820e+01,1.51111297e-01,6.04445188e-01,3.77778243e+00,1.51111297e+01,nan,nan,nan
5.48441658e+01,5.05378880e+02,3.76462817e-01,1.50585127e+00,9.41157042e+00,3.76462817e+01,1.49949337e-01,5.99797347e-01,3.74873342e+00,1.49949337e+01,nan,nan,nan
5.61259726e+01,5.08725828e+02,3.58519237e-01,1.43407695e+00,8.96298093e+00,3.58519237e+01,1.48846653e-01,5.95386614e-01,3.72116633e+00,1.48846653e+01,nan,nan,nan
5.74377375e+01,5.12094942e+02,3.41629431e-01,1.36651772e+00,8.54073578e+00,3.41629431e+01,1.47801739e-01,5.91206956e-01,3.69504348e+00,1.47801739e+01,nan,nan,nan
5.87801607e+01,5.15486367e+02,3.25723332e-01,1.30289333e+00,8.14308329e+00,3.25723332e+01,1.46813164e-01,5.87252655e-01,3.67032909e+00,1.46813164e+01,nan,nan,nan
6.01539588e+01,5.18900254e+02,3.10736010e-01,1.24294404e+00,7.76840026e+00,3.10736010e+01,1.45879572e-01,5.83518288e-01,3.64698930e+00,1.45879572e+01,nan,nan,nan
6.15598650e+01,5.22336749e+02,2.96607269e-01,1.18642908e+00,7.41518173e+00,2.96607269e+01,1.44999681e-01,5.79998723e-01,3.62499202e+00,1.44999681e+01,nan,nan,nan
6.29986298e+01,5.25796003e+02,2.83281266e-01,1.13312506e+00,7.08203165e+00,2.83281266e+01,1.44172275e-01,5.76689101e-01,3.60430688e+00,1.44172275e+01,nan,nan,nan
6.44710211e+01,5.29278166e+02,2.70706174e-01,1.08282470e+00,6.76765435e+00,2.70706174e+01,1.43396207e-01,5.73584828e-01,3.58490518e+00,1.43396207e+01,nan,nan,nan
6.59778248e+01,5.32783390e+02,2.58833868e-01,1.03533547e+00,6.47084669e+00,2.58833868e+01,1.42670391e-01,5.70681566e-01,3.56675978e+00,1.42670391e+01,nan,nan,nan
6.75198452e+01,5.36311829e+02,2.47619637e-01,9.90478546e-01,6.19049091e+00,2.47619637e+01,1.41993804e-01,5.67975217e-01,3.54984511e+00,1.41993804e+01,nan,nan,nan
6.90979055e+01,5.39863634e+02,2.37021921e-01,9.48087686e-01,5.92554804e+00,2.37021921e+01,1.41365481e-01,5.65461923e-01,3.53413702e+00,1.41365481e+01,nan,nan,nan
7.07128478e+01,5.43438963e+02,2.27002074e-01,9.08008295e-01,5.67505184e+00,2.27002074e+01,1.40784512e-01,5.63138049e-01,3.51961280e+00,1.40784512e+01,nan,nan,nan
7.23655342e+01,5.47037969e+02,2.17524133e-01,8.70096534e-01,5.43810334e+00,2.17524133e+01,1.40250044e-01,5.61000177e-01,3.50625111e+00,1.40250044e+01,nan,nan,nan
7.40568469e+01,5.50660810e+02,2.08554626e-01,8.34218504e-01,5.21386565e+00,2.08554626e+01,1.39761276e-01,5.59045104e-01,3.49403190e+00,1.39761276e+01,nan,nan,nan
7.57876886e+01,5.54307645e+02,2.00062375e-01,8.00249502e-01,5.00155939e+00,2.00062375e+01,1.39317456e-01,5.57269825e-01,3.48293641e+00,1.39317456e+01,nan,nan,nan
7.75589832e+01,5.57978631e+02,1.92018332e-01,7.68073330e-01,4.80045831e+00,1.92018332e+01,1.38917884e-01,5.55671534e-01,3.47294709e+00,1.38917884e+01,nan,nan,nan
7.93716762e+01,5.61673928e+02,1.84395416e-01,7.37581665e-01,4.60988541e+00,1.84395416e+01,1.38561904e-01,5.54247615e-01,3.46404759e+00,1.38561904e+01,nan,nan,nan
8.12267350e+01,5.65393698e+02,1.77168370e-01,7.08673479e-01,4.42920924e+00,1.77168370e+01,1.38248908e-01,5.52995634e-01,3.45622271e+00,1.38248908e+01,nan,nan,nan
8.31251499e+01,5.69138103e+02,1.70313625e-01,6.81254500e-01,4.25784063e+00,1.70313625e+01,1.37978334e-01,5.51913336e-01,3.44945835e+00,1.37978334e+01,nan,nan,nan
8.50679342e+01,5.72907306e+02,1.63809181e-01,6.55236724e-01,4.09522952e+00,1.63809181e+01,1.37749660e-01,5.50998638e-01,3.44374149e+00,1.37749660e+01,nan,nan,nan
8.70561248e+01,5.76701471e+02,1.57634489e-01,6.30537954e-01,3.94086221e+00,1.57634489e+01,1.37562407e-01,5.50249628e-01,3.43906018e+00,1.37562407e+01,nan,nan,nan
8.90907830e+01,5.80520764e+02,1.51770347e-01,6.07081389e-01,3.79425868e+00,1.51770347e+01,1.37416138e-01,5.49664553e-01,3.43540346e+00,1.37416138e+01,nan,nan,nan
9.11729948e+01,5.84365350e+02,1.46198808e-01,5.84795232e-01,3.65497020e+00,1.46198808e+01,1.37310456e-01,5.49241822e-01,3.43276139e+00,1.37310456e+01,nan,nan,nan
9.33038717e+01,5.88235397e+02,1.40903084e-01,5.63612334e-01,3.52257709e+00,1.40903084e+01,1.37244999e-01,5.48979997e-01,3.43112498e+00,1.37244999e+01,nan,nan,nan
9.54845510e+01,5.92131075e+02,1.35867467e-01,5.43469869e-01,3.39668668e+00,1.35867467e+01,1.37219448e-01,5.48877791e-01,3.43048619e+00,1.37219448e+01,nan,nan,nan
9.77161967e+01,5.96052552e+02,1.31077256e-01,5.24309024e-01,3.27693140e+00,1.31077256e+01,1.37233517e-01,5.48934066e-01,3.43083791e+00,1.37233517e+01,nan,nan,nan
1.00000000e+02,6.00000000e+02,1.26518681e-01,5.06074725e-01,3.16296703e+00,1.26518681e+01,1.37286957e-01,5.49147828e-01,3.43217393e+00,1.37286957e+01,nan,nan,nan
